Workbook

Sheet MENU
B2: =id_team -> TEAM PEMENANGAN JF JILID 3 | I2: ="Hari ini: "&TEXT(TODAY(),"dd/mm/yyyy") -> Hari ini: 03/08/2026
B3: =id_calon -> JONI FAHAMSYAH
B4: =id_periode -> PERIODE 2026 S/D 2034
B6: ="APLIKASI DATABASE ANGGOTA • DESA "&id_desa -> APLIKASI DATABASE ANGGOTA • DESA SUKAKARYA
B8: ▌ MENU UTAMA | E8: ▌ RINGKASAN DATA
B9: ▶ INPUT / DATABASE ANGGOTA | E9: Total anggota terdata | F9: =COUNTA(DATABASE!$B$4:$B$2003) -> 52
B10: ▶ CARI DATA ANGGOTA | E10: Anggota berstatus Aktif | F10: =COUNTIF(DATABASE!$T$4:$T$2003,"Aktif") -> 52
B11: ▶ REKAP & ANALISA | E11: Laki-laki / Perempuan | F11: =COUNTIF(DATABASE!$E$4:$E$2003,"L")&" / "&COUNTIF(DATABASE!$E$4:$E$2003,"P") -> 0 / 0
B12: ▶ TARGET & CAPAIAN | E12: Jumlah kampung aktif | F12: =SUMPRODUCT((COUNTIF(DATABASE!$F$4:$F$2003,REFERENSI!$B$6:$B$45)>0)*(REFERENSI!$B$6:$B$45<>"")) -> 5
B13: ▶ VALIDASI DATA | E13: Jumlah RT tercakup | F13: =SUMPRODUCT((COUNTIF(DATABASE!$G$4:$G$2003,REFERENSI!$D$6:$D$45)>0)*(REFERENSI!$D$6:$D$45<>"")) -> 5
B14: ▶ CETAK DAFTAR / FORMULIR | E14: Rata-rata usia (tahun) | F14: =IFERROR(ROUND(AVERAGE(DATABASE!$R$4:$R$2003),0),"-") -> -
B15: ▶ CETAK KARTU ANGGOTA | E15: Total target (semua Kadus) | F15: =SUM(REFERENSI!$C$6:$C$45) -> 0
B16: ▶ CETAK DAFTAR HADIR | E16: Capaian terhadap target | F16: =IFERROR(COUNTA(DATABASE!$B$4:$B$2003)/SUM(REFERENSI!$C$6:$C$45),"-") -> -
B17: ▶ PROFIL & MEDIA KAMPANYE | E17: Data perlu diperbaiki | F17: =COUNT(DATABASE!$AA$4:$AA$2003) -> 52
B18: ▶ PENGATURAN KADUS / RT / JABATAN | E18: Sisa kapasitas baris | F18: =2000-COUNTA(DATABASE!$B$4:$B$2003) -> 1948
B19: ▶ PETUNJUK PENGGUNAAN
B21: ▌ JUMLAH ANGGOTA PER KAMPUNG
B22: KAMPUNG | E22: JUMLAH | F22: TARGET | G22: CAPAIAN
B23: =IFERROR(INDEX(daftar_kampung,1),"") -> Kp. Gamprit | E23: =IF($B23="","",COUNTIF(DATABASE!$F$4:$F$2003,$B23)) -> 18 | F23: =IF($B23="","",IFERROR(INDEX(REFERENSI!$C$6:$C$45,1),0)) -> 0 | G23: =IF(OR($B23="",$F23=0),"",$E23/$F23)
B24: =IFERROR(INDEX(daftar_kampung,2),"") -> Kp. Kuda Kuda | E24: =IF($B24="","",COUNTIF(DATABASE!$F$4:$F$2003,$B24)) -> 11 | F24: =IF($B24="","",IFERROR(INDEX(REFERENSI!$C$6:$C$45,2),0)) -> 0 | G24: =IF(OR($B24="",$F24=0),"",$E24/$F24)
B25: =IFERROR(INDEX(daftar_kampung,3),"") -> Kp. Wangkal | E25: =IF($B25="","",COUNTIF(DATABASE!$F$4:$F$2003,$B25)) -> 10 | F25: =IF($B25="","",IFERROR(INDEX(REFERENSI!$C$6:$C$45,3),0)) -> 0 | G25: =IF(OR($B25="",$F25=0),"",$E25/$F25)
B26: =IFERROR(INDEX(daftar_kampung,4),"") -> Kp. Tenjolaut | E26: =IF($B26="","",COUNTIF(DATABASE!$F$4:$F$2003,$B26)) -> 2 | F26: =IF($B26="","",IFERROR(INDEX(REFERENSI!$C$6:$C$45,4),0)) -> 0 | G26: =IF(OR($B26="",$F26=0),"",$E26/$F26)
B27: =IFERROR(INDEX(daftar_kampung,5),"") -> Kp. Putri Melintang | E27: =IF($B27="","",COUNTIF(DATABASE!$F$4:$F$2003,$B27)) -> 1 | F27: =IF($B27="","",IFERROR(INDEX(REFERENSI!$C$6:$C$45,5),0)) -> 0 | G27: =IF(OR($B27="",$F27=0),"",$E27/$F27)
B28: =IFERROR(INDEX(daftar_kampung,6),"") | E28: =IF($B28="","",COUNTIF(DATABASE!$F$4:$F$2003,$B28)) | F28: =IF($B28="","",IFERROR(INDEX(REFERENSI!$C$6:$C$45,6),0)) | G28: =IF(OR($B28="",$F28=0),"",$E28/$F28)
B29: =IFERROR(INDEX(daftar_kampung,7),"") | E29: =IF($B29="","",COUNTIF(DATABASE!$F$4:$F$2003,$B29)) | F29: =IF($B29="","",IFERROR(INDEX(REFERENSI!$C$6:$C$45,7),0)) | G29: =IF(OR($B29="",$F29=0),"",$E29/$F29)
B30: =IFERROR(INDEX(daftar_kampung,8),"") | E30: =IF($B30="","",COUNTIF(DATABASE!$F$4:$F$2003,$B30)) | F30: =IF($B30="","",IFERROR(INDEX(REFERENSI!$C$6:$C$45,8),0)) | G30: =IF(OR($B30="",$F30=0),"",$E30/$F30)
B31: =IFERROR(INDEX(daftar_kampung,9),"") | E31: =IF($B31="","",COUNTIF(DATABASE!$F$4:$F$2003,$B31)) | F31: =IF($B31="","",IFERROR(INDEX(REFERENSI!$C$6:$C$45,9),0)) | G31: =IF(OR($B31="",$F31=0),"",$E31/$F31)
B32: =IFERROR(INDEX(daftar_kampung,10),"") | E32: =IF($B32="","",COUNTIF(DATABASE!$F$4:$F$2003,$B32)) | F32: =IF($B32="","",IFERROR(INDEX(REFERENSI!$C$6:$C$45,10),0)) | G32: =IF(OR($B32="",$F32=0),"",$E32/$F32)
B33: =IFERROR(INDEX(daftar_kampung,11),"") | E33: =IF($B33="","",COUNTIF(DATABASE!$F$4:$F$2003,$B33)) | F33: =IF($B33="","",IFERROR(INDEX(REFERENSI!$C$6:$C$45,11),0)) | G33: =IF(OR($B33="",$F33=0),"",$E33/$F33)
B34: =IFERROR(INDEX(daftar_kampung,12),"") | E34: =IF($B34="","",COUNTIF(DATABASE!$F$4:$F$2003,$B34)) | F34: =IF($B34="","",IFERROR(INDEX(REFERENSI!$C$6:$C$45,12),0)) | G34: =IF(OR($B34="",$F34=0),"",$E34/$F34)
B35: TOTAL SEMUA KAMPUNG | E35: =COUNTA(DATABASE!$B$4:$B$2003) -> 52 | F35: =SUM(REFERENSI!$C$6:$C$45) -> 0 | G35: =IF($F35=0,"",$E35/$F35)
B36: Menampilkan 12 kampung pertama — rekap lengkap ada di sheet REKAP dan TARGET.
B38: Alur kerja: PENGATURAN → DATABASE (input) → VALIDASI (bersihkan) → REKAP / TARGET (pantau) → CETAK / KARTU / ABSENSI (formulir)
B39: Seluruh angka pada halaman ini dihitung otomatis dari sheet DATABASE. Simpan dengan Ctrl+S setiap selesai menginput.
B40: Sel berlatar kuning = boleh diisi/diubah. Sel abu-abu = rumus otomatis, jangan diketik manual.

Sheet DATABASE
A1: DATABASE ANGGOTA TEAM PEMENANGAN
A2: ◀ MENU | C2: Ketik pada baris kosong pertama. Kolom abu-abu (NO, KORWIL, USIA, KELOMPOK USIA) terisi otomatis — jangan diketik manual. | T2: TOTAL | U2: =COUNTA($B$4:$B$2003) -> 52 | V2: SISA BARIS | W2: =2000-COUNTA($B$4:$B$2003) -> 1948
A3: NO | B3: NAMA LENGKAP | C3: NIK KTP (16 digit) | D3: NO. KK (16 digit) | E3: L/P | F3: KAMPUNG | G3: RT | H3: RW | I3: ALAMAT | J3: NAMA RT | K3: NAMA RW | L3: NAMA KADUS | M3: KORWIL | N3: JABATAN | O3: NO. HP | P3: TPS | Q3: TGL LAHIR | R3: USIA | S3: KELOMPOK USIA | T3: STATUS | U3: TGL GABUNG | V3: PEREKRUT | W3: CATATAN | X3: KEY | Y3: MASALAH | Z3: IDX_CARI | AA3: IDX_MASALAH | AB3: KEY_KAMPUNG | AC3: IDX_CETAK | AD3: IDX_ABSEN | AE3: IDX_KARTU
A4: =IF($B4="","",COUNTA($B$4:$B4)) -> 1 | B4: GURU BADRI | F4: Kp. Tenjolaut | G4: 001 | H4: 001 | K4: Maska | L4: Kadus 1 | M4: =IF($F4="","",$F4&IF($G4="",""," - RT "&$G4&IF($H4="","","/"&$H4))) -> Kp. Tenjolaut - RT 001/001 | N4: Anggota | R4: =IF(OR($B4="",$Q4=""),"",DATEDIF($Q4,TODAY(),"Y")) | S4: =IF($R4="","",INDEX(usia_label,MATCH($R4,usia_min,1))) | T4: Aktif | W4: asli: Guru Badri Kp. Tenjolaut RT 001/001 | X4: =IF($M4="","",$M4&"#"&COUNTIF($M$4:$M4,$M4)) -> Kp. Tenjolaut - RT 001/001#1 | Y4: =IF($B4="","",IF($C4="","NIK kosong",IF(LEN($C4)<>16,"NIK bukan 16 digit",IF(COUNTIF($C$4:$C$2003,$C4&"*")>1,"NIK ganda",IF(AND($D4<>"",LEN($D4)<>16),"No. KK bukan 16 digit",IF(AND($F4="",$I4=""),"Alamat kosong",IF($N4="","Jabatan kosong",IF($O4="","No. HP kosong",IF(AND($R4<>"",$R4<17),"Usia di bawah 17",""))))))))) -> NIK kosong | Z4: =IF($B4="","",IF(AND(OR(CARI!$C$5="",ISNUMBER(SEARCH(CARI!$C$5,$B4&" "&$C4&" "&$D4&" "&$O4&" "&$I4&" "&$F4&" "&$J4&" "&$K4&" "&$L4&" "&$V4))),OR(CARI!$C$6="",$F4=CARI!$C$6),OR(CARI!$C$7="",$G4=CARI!$C$7),OR(CARI!$C$8="",$T4=CARI!$C$8)),MAX($Z$3:Z3)+1,"")) -> 1 | AA4: =IF($Y4="","",MAX($AA$3:AA3)+1) -> 1 | AB4: =IF($F4="","",$F4&"#"&COUNTIF($F$4:$F4,$F4)) -> Kp. Tenjolaut#1 | AC4: =IF($B4="","",IF(AND(OR(CETAK!$J$10="",$F4=CETAK!$J$10),OR(CETAK!$J$11="",$G4=CETAK!$J$11),OR(CETAK!$J$12="",$P4=CETAK!$J$12),OR(CETAK!$J$13="",$N4=CETAK!$J$13),OR(CETAK!$J$14="",$T4=CETAK!$J$14)),MAX($AC$3:AC3)+1,"")) -> 1 | AD4: =IF($B4="","",IF(AND(OR(ABSENSI!$H$10="",$F4=ABSENSI!$H$10),OR(ABSENSI!$H$11="",$G4=ABSENSI!$H$11),OR(ABSENSI!$H$12="",$P4=ABSENSI!$H$12)),MAX($AD$3:AD3)+1,"")) -> 1 | AE4: =IF($B4="","",IF(AND(OR(KARTU!$K$6="",$F4=KARTU!$K$6),OR(KARTU!$K$7="",$G4=KARTU!$K$7),OR(KARTU!$K$8="",$P4=KARTU!$K$8)),MAX($AE$3:AE3)+1,"")) -> 1
A5: =IF($B5="","",COUNTA($B$4:$B5)) -> 2 | B5: IDRUS KAMSENO | F5: Kp. Gamprit | M5: =IF($F5="","",$F5&IF($G5="",""," - RT "&$G5&IF($H5="","","/"&$H5))) -> Kp. Gamprit | N5: Ketua Team | R5: =IF(OR($B5="",$Q5=""),"",DATEDIF($Q5,TODAY(),"Y")) | S5: =IF($R5="","",INDEX(usia_label,MATCH($R5,usia_min,1))) | T5: Aktif | W5: asli: Idrus Kamseno Kp. Gamprit | X5: =IF($M5="","",$M5&"#"&COUNTIF($M$4:$M5,$M5)) -> Kp. Gamprit#1 | Y5: =IF($B5="","",IF($C5="","NIK kosong",IF(LEN($C5)<>16,"NIK bukan 16 digit",IF(COUNTIF($C$4:$C$2003,$C5&"*")>1,"NIK ganda",IF(AND($D5<>"",LEN($D5)<>16),"No. KK bukan 16 digit",IF(AND($F5="",$I5=""),"Alamat kosong",IF($N5="","Jabatan kosong",IF($O5="","No. HP kosong",IF(AND($R5<>"",$R5<17),"Usia di bawah 17",""))))))))) -> NIK kosong | Z5: =IF($B5="","",IF(AND(OR(CARI!$C$5="",ISNUMBER(SEARCH(CARI!$C$5,$B5&" "&$C5&" "&$D5&" "&$O5&" "&$I5&" "&$F5&" "&$J5&" "&$K5&" "&$L5&" "&$V5))),OR(CARI!$C$6="",$F5=CARI!$C$6),OR(CARI!$C$7="",$G5=CARI!$C$7),OR(CARI!$C$8="",$T5=CARI!$C$8)),MAX($Z$3:Z4)+1,"")) -> 2 | AA5: =IF($Y5="","",MAX($AA$3:AA4)+1) -> 2 | AB5: =IF($F5="","",$F5&"#"&COUNTIF($F$4:$F5,$F5)) -> Kp. Gamprit#1 | AC5: =IF($B5="","",IF(AND(OR(CETAK!$J$10="",$F5=CETAK!$J$10),OR(CETAK!$J$11="",$G5=CETAK!$J$11),OR(CETAK!$J$12="",$P5=CETAK!$J$12),OR(CETAK!$J$13="",$N5=CETAK!$J$13),OR(CETAK!$J$14="",$T5=CETAK!$J$14)),MAX($AC$3:AC4)+1,"")) -> 2 | AD5: =IF($B5="","",IF(AND(OR(ABSENSI!$H$10="",$F5=ABSENSI!$H$10),OR(ABSENSI!$H$11="",$G5=ABSENSI!$H$11),OR(ABSENSI!$H$12="",$P5=ABSENSI!$H$12)),MAX($AD$3:AD4)+1,"")) -> 2 | AE5: =IF($B5="","",IF(AND(OR(KARTU!$K$6="",$F5=KARTU!$K$6),OR(KARTU!$K$7="",$G5=KARTU!$K$7),OR(KARTU!$K$8="",$P5=KARTU!$K$8)),MAX($AE$3:AE4)+1,"")) -> 2
A6: =IF($B6="","",COUNTA($B$4:$B6)) -> 3 | B6: ALI IBRO MALISI | F6: Kp. Tenjolaut | M6: =IF($F6="","",$F6&IF($G6="",""," - RT "&$G6&IF($H6="","","/"&$H6))) -> Kp. Tenjolaut | N6: Anggota | R6: =IF(OR($B6="",$Q6=""),"",DATEDIF($Q6,TODAY(),"Y")) | S6: =IF($R6="","",INDEX(usia_label,MATCH($R6,usia_min,1))) | T6: Aktif | W6: asli: Ali Ibro Malisi Kp Tenjolaut | X6: =IF($M6="","",$M6&"#"&COUNTIF($M$4:$M6,$M6)) -> Kp. Tenjolaut#1 | Y6: =IF($B6="","",IF($C6="","NIK kosong",IF(LEN($C6)<>16,"NIK bukan 16 digit",IF(COUNTIF($C$4:$C$2003,$C6&"*")>1,"NIK ganda",IF(AND($D6<>"",LEN($D6)<>16),"No. KK bukan 16 digit",IF(AND($F6="",$I6=""),"Alamat kosong",IF($N6="","Jabatan kosong",IF($O6="","No. HP kosong",IF(AND($R6<>"",$R6<17),"Usia di bawah 17",""))))))))) -> NIK kosong | Z6: =IF($B6="","",IF(AND(OR(CARI!$C$5="",ISNUMBER(SEARCH(CARI!$C$5,$B6&" "&$C6&" "&$D6&" "&$O6&" "&$I6&" "&$F6&" "&$J6&" "&$K6&" "&$L6&" "&$V6))),OR(CARI!$C$6="",$F6=CARI!$C$6),OR(CARI!$C$7="",$G6=CARI!$C$7),OR(CARI!$C$8="",$T6=CARI!$C$8)),MAX($Z$3:Z5)+1,"")) -> 3 | AA6: =IF($Y6="","",MAX($AA$3:AA5)+1) -> 3 | AB6: =IF($F6="","",$F6&"#"&COUNTIF($F$4:$F6,$F6)) -> Kp. Tenjolaut#2 | AC6: =IF($B6="","",IF(AND(OR(CETAK!$J$10="",$F6=CETAK!$J$10),OR(CETAK!$J$11="",$G6=CETAK!$J$11),OR(CETAK!$J$12="",$P6=CETAK!$J$12),OR(CETAK!$J$13="",$N6=CETAK!$J$13),OR(CETAK!$J$14="",$T6=CETAK!$J$14)),MAX($AC$3:AC5)+1,"")) -> 3 | AD6: =IF($B6="","",IF(AND(OR(ABSENSI!$H$10="",$F6=ABSENSI!$H$10),OR(ABSENSI!$H$11="",$G6=ABSENSI!$H$11),OR(ABSENSI!$H$12="",$P6=ABSENSI!$H$12)),MAX($AD$3:AD5)+1,"")) -> 3 | AE6: =IF($B6="","",IF(AND(OR(KARTU!$K$6="",$F6=KARTU!$K$6),OR(KARTU!$K$7="",$G6=KARTU!$K$7),OR(KARTU!$K$8="",$P6=KARTU!$K$8)),MAX($AE$3:AE5)+1,"")) -> 3
A7: =IF($B7="","",COUNTA($B$4:$B7)) -> 4 | B7: MURDIN (BENGKUNG) | F7: Kp. Gamprit | M7: =IF($F7="","",$F7&IF($G7="",""," - RT "&$G7&IF($H7="","","/"&$H7))) -> Kp. Gamprit | N7: Anggota | R7: =IF(OR($B7="",$Q7=""),"",DATEDIF($Q7,TODAY(),"Y")) | S7: =IF($R7="","",INDEX(usia_label,MATCH($R7,usia_min,1))) | T7: Aktif | W7: asli: Murdin/bengkung gamprit | X7: =IF($M7="","",$M7&"#"&COUNTIF($M$4:$M7,$M7)) -> Kp. Gamprit#2 | Y7: =IF($B7="","",IF($C7="","NIK kosong",IF(LEN($C7)<>16,"NIK bukan 16 digit",IF(COUNTIF($C$4:$C$2003,$C7&"*")>1,"NIK ganda",IF(AND($D7<>"",LEN($D7)<>16),"No. KK bukan 16 digit",IF(AND($F7="",$I7=""),"Alamat kosong",IF($N7="","Jabatan kosong",IF($O7="","No. HP kosong",IF(AND($R7<>"",$R7<17),"Usia di bawah 17",""))))))))) -> NIK kosong | Z7: =IF($B7="","",IF(AND(OR(CARI!$C$5="",ISNUMBER(SEARCH(CARI!$C$5,$B7&" "&$C7&" "&$D7&" "&$O7&" "&$I7&" "&$F7&" "&$J7&" "&$K7&" "&$L7&" "&$V7))),OR(CARI!$C$6="",$F7=CARI!$C$6),OR(CARI!$C$7="",$G7=CARI!$C$7),OR(CARI!$C$8="",$T7=CARI!$C$8)),MAX($Z$3:Z6)+1,"")) -> 4 | AA7: =IF($Y7="","",MAX($AA$3:AA6)+1) -> 4 | AB7: =IF($F7="","",$F7&"#"&COUNTIF($F$4:$F7,$F7)) -> Kp. Gamprit#2 | AC7: =IF($B7="","",IF(AND(OR(CETAK!$J$10="",$F7=CETAK!$J$10),OR(CETAK!$J$11="",$G7=CETAK!$J$11),OR(CETAK!$J$12="",$P7=CETAK!$J$12),OR(CETAK!$J$13="",$N7=CETAK!$J$13),OR(CETAK!$J$14="",$T7=CETAK!$J$14)),MAX($AC$3:AC6)+1,"")) -> 4 | AD7: =IF($B7="","",IF(AND(OR(ABSENSI!$H$10="",$F7=ABSENSI!$H$10),OR(ABSENSI!$H$11="",$G7=ABSENSI!$H$11),OR(ABSENSI!$H$12="",$P7=ABSENSI!$H$12)),MAX($AD$3:AD6)+1,"")) -> 4 | AE7: =IF($B7="","",IF(AND(OR(KARTU!$K$6="",$F7=KARTU!$K$6),OR(KARTU!$K$7="",$G7=KARTU!$K$7),OR(KARTU!$K$8="",$P7=KARTU!$K$8)),MAX($AE$3:AE6)+1,"")) -> 4
A8: =IF($B8="","",COUNTA($B$4:$B8)) -> 5 | B8: RUSTADI | F8: Kp. Wangkal | M8: =IF($F8="","",$F8&IF($G8="",""," - RT "&$G8&IF($H8="","","/"&$H8))) -> Kp. Wangkal | N8: Anggota | R8: =IF(OR($B8="",$Q8=""),"",DATEDIF($Q8,TODAY(),"Y")) | S8: =IF($R8="","",INDEX(usia_label,MATCH($R8,usia_min,1))) | T8: Aktif | W8: asli: Rustadi kp wangkal | X8: =IF($M8="","",$M8&"#"&COUNTIF($M$4:$M8,$M8)) -> Kp. Wangkal#1 | Y8: =IF($B8="","",IF($C8="","NIK kosong",IF(LEN($C8)<>16,"NIK bukan 16 digit",IF(COUNTIF($C$4:$C$2003,$C8&"*")>1,"NIK ganda",IF(AND($D8<>"",LEN($D8)<>16),"No. KK bukan 16 digit",IF(AND($F8="",$I8=""),"Alamat kosong",IF($N8="","Jabatan kosong",IF($O8="","No. HP kosong",IF(AND($R8<>"",$R8<17),"Usia di bawah 17",""))))))))) -> NIK kosong | Z8: =IF($B8="","",IF(AND(OR(CARI!$C$5="",ISNUMBER(SEARCH(CARI!$C$5,$B8&" "&$C8&" "&$D8&" "&$O8&" "&$I8&" "&$F8&" "&$J8&" "&$K8&" "&$L8&" "&$V8))),OR(CARI!$C$6="",$F8=CARI!$C$6),OR(CARI!$C$7="",$G8=CARI!$C$7),OR(CARI!$C$8="",$T8=CARI!$C$8)),MAX($Z$3:Z7)+1,"")) -> 5 | AA8: =IF($Y8="","",MAX($AA$3:AA7)+1) -> 5 | AB8: =IF($F8="","",$F8&"#"&COUNTIF($F$4:$F8,$F8)) -> Kp. Wangkal#1 | AC8: =IF($B8="","",IF(AND(OR(CETAK!$J$10="",$F8=CETAK!$J$10),OR(CETAK!$J$11="",$G8=CETAK!$J$11),OR(CETAK!$J$12="",$P8=CETAK!$J$12),OR(CETAK!$J$13="",$N8=CETAK!$J$13),OR(CETAK!$J$14="",$T8=CETAK!$J$14)),MAX($AC$3:AC7)+1,"")) -> 5 | AD8: =IF($B8="","",IF(AND(OR(ABSENSI!$H$10="",$F8=ABSENSI!$H$10),OR(ABSENSI!$H$11="",$G8=ABSENSI!$H$11),OR(ABSENSI!$H$12="",$P8=ABSENSI!$H$12)),MAX($AD$3:AD7)+1,"")) -> 5 | AE8: =IF($B8="","",IF(AND(OR(KARTU!$K$6="",$F8=KARTU!$K$6),OR(KARTU!$K$7="",$G8=KARTU!$K$7),OR(KARTU!$K$8="",$P8=KARTU!$K$8)),MAX($AE$3:AE7)+1,"")) -> 5
A9: =IF($B9="","",COUNTA($B$4:$B9)) -> 6 | B9: ABDUL MANAN | F9: Kp. Kuda Kuda | M9: =IF($F9="","",$F9&IF($G9="",""," - RT "&$G9&IF($H9="","","/"&$H9))) -> Kp. Kuda Kuda | N9: Anggota | R9: =IF(OR($B9="",$Q9=""),"",DATEDIF($Q9,TODAY(),"Y")) | S9: =IF($R9="","",INDEX(usia_label,MATCH($R9,usia_min,1))) | T9: Aktif | W9: asli: Abdul manan kuda kuda | X9: =IF($M9="","",$M9&"#"&COUNTIF($M$4:$M9,$M9)) -> Kp. Kuda Kuda#1 | Y9: =IF($B9="","",IF($C9="","NIK kosong",IF(LEN($C9)<>16,"NIK bukan 16 digit",IF(COUNTIF($C$4:$C$2003,$C9&"*")>1,"NIK ganda",IF(AND($D9<>"",LEN($D9)<>16),"No. KK bukan 16 digit",IF(AND($F9="",$I9=""),"Alamat kosong",IF($N9="","Jabatan kosong",IF($O9="","No. HP kosong",IF(AND($R9<>"",$R9<17),"Usia di bawah 17",""))))))))) -> NIK kosong | Z9: =IF($B9="","",IF(AND(OR(CARI!$C$5="",ISNUMBER(SEARCH(CARI!$C$5,$B9&" "&$C9&" "&$D9&" "&$O9&" "&$I9&" "&$F9&" "&$J9&" "&$K9&" "&$L9&" "&$V9))),OR(CARI!$C$6="",$F9=CARI!$C$6),OR(CARI!$C$7="",$G9=CARI!$C$7),OR(CARI!$C$8="",$T9=CARI!$C$8)),MAX($Z$3:Z8)+1,"")) -> 6 | AA9: =IF($Y9="","",MAX($AA$3:AA8)+1) -> 6 | AB9: =IF($F9="","",$F9&"#"&COUNTIF($F$4:$F9,$F9)) -> Kp. Kuda Kuda#1 | AC9: =IF($B9="","",IF(AND(OR(CETAK!$J$10="",$F9=CETAK!$J$10),OR(CETAK!$J$11="",$G9=CETAK!$J$11),OR(CETAK!$J$12="",$P9=CETAK!$J$12),OR(CETAK!$J$13="",$N9=CETAK!$J$13),OR(CETAK!$J$14="",$T9=CETAK!$J$14)),MAX($AC$3:AC8)+1,"")) -> 6 | AD9: =IF($B9="","",IF(AND(OR(ABSENSI!$H$10="",$F9=ABSENSI!$H$10),OR(ABSENSI!$H$11="",$G9=ABSENSI!$H$11),OR(ABSENSI!$H$12="",$P9=ABSENSI!$H$12)),MAX($AD$3:AD8)+1,"")) -> 6 | AE9: =IF($B9="","",IF(AND(OR(KARTU!$K$6="",$F9=KARTU!$K$6),OR(KARTU!$K$7="",$G9=KARTU!$K$7),OR(KARTU!$K$8="",$P9=KARTU!$K$8)),MAX($AE$3:AE8)+1,"")) -> 6
A10: =IF($B10="","",COUNTA($B$4:$B10)) -> 7 | B10: IJAH | F10: Kp. Putri Melintang | M10: =IF($F10="","",$F10&IF($G10="",""," - RT "&$G10&IF($H10="","","/"&$H10))) -> Kp. Putri Melintang | N10: Anggota | R10: =IF(OR($B10="",$Q10=""),"",DATEDIF($Q10,TODAY(),"Y")) | S10: =IF($R10="","",INDEX(usia_label,MATCH($R10,usia_min,1))) | T10: Aktif | W10: asli: Ijah mmh putri melintang | X10: =IF($M10="","",$M10&"#"&COUNTIF($M$4:$M10,$M10)) -> Kp. Putri Melintang#1 | Y10: =IF($B10="","",IF($C10="","NIK kosong",IF(LEN($C10)<>16,"NIK bukan 16 digit",IF(COUNTIF($C$4:$C$2003,$C10&"*")>1,"NIK ganda",IF(AND($D10<>"",LEN($D10)<>16),"No. KK bukan 16 digit",IF(AND($F10="",$I10=""),"Alamat kosong",IF($N10="","Jabatan kosong",IF($O10="","No. HP kosong",IF(AND($R10<>"",$R10<17),"Usia di bawah 17",""))))))))) -> NIK kosong | Z10: =IF($B10="","",IF(AND(OR(CARI!$C$5="",ISNUMBER(SEARCH(CARI!$C$5,$B10&" "&$C10&" "&$D10&" "&$O10&" "&$I10&" "&$F10&" "&$J10&" "&$K10&" "&$L10&" "&$V10))),OR(CARI!$C$6="",$F10=CARI!$C$6),OR(CARI!$C$7="",$G10=CARI!$C$7),OR(CARI!$C$8="",$T10=CARI!$C$8)),MAX($Z$3:Z9)+1,"")) -> 7 | AA10: =IF($Y10="","",MAX($AA$3:AA9)+1) -> 7 | AB10: =IF($F10="","",$F10&"#"&COUNTIF($F$4:$F10,$F10)) -> Kp. Putri Melintang#1 | AC10: =IF($B10="","",IF(AND(OR(CETAK!$J$10="",$F10=CETAK!$J$10),OR(CETAK!$J$11="",$G10=CETAK!$J$11),OR(CETAK!$J$12="",$P10=CETAK!$J$12),OR(CETAK!$J$13="",$N10=CETAK!$J$13),OR(CETAK!$J$14="",$T10=CETAK!$J$14)),MAX($AC$3:AC9)+1,"")) -> 7 | AD10: =IF($B10="","",IF(AND(OR(ABSENSI!$H$10="",$F10=ABSENSI!$H$10),OR(ABSENSI!$H$11="",$G10=ABSENSI!$H$11),OR(ABSENSI!$H$12="",$P10=ABSENSI!$H$12)),MAX($AD$3:AD9)+1,"")) -> 7 | AE10: =IF($B10="","",IF(AND(OR(KARTU!$K$6="",$F10=KARTU!$K$6),OR(KARTU!$K$7="",$G10=KARTU!$K$7),OR(KARTU!$K$8="",$P10=KARTU!$K$8)),MAX($AE$3:AE9)+1,"")) -> 7
A11: =IF($B11="","",COUNTA($B$4:$B11)) -> 8 | B11: JEBAG | F11: Kp. Kuda Kuda | G11: 001 | H11: 003 | K11: Sutejo | L11: Kadus 2 | M11: =IF($F11="","",$F11&IF($G11="",""," - RT "&$G11&IF($H11="","","/"&$H11))) -> Kp. Kuda Kuda - RT 001/003 | N11: Anggota | R11: =IF(OR($B11="",$Q11=""),"",DATEDIF($Q11,TODAY(),"Y")) | S11: =IF($R11="","",INDEX(usia_label,MATCH($R11,usia_min,1))) | T11: Aktif | W11: asli: Jebag kuda kuda 01/03 | X11: =IF($M11="","",$M11&"#"&COUNTIF($M$4:$M11,$M11)) -> Kp. Kuda Kuda - RT 001/003#1 | Y11: =IF($B11="","",IF($C11="","NIK kosong",IF(LEN($C11)<>16,"NIK bukan 16 digit",IF(COUNTIF($C$4:$C$2003,$C11&"*")>1,"NIK ganda",IF(AND($D11<>"",LEN($D11)<>16),"No. KK bukan 16 digit",IF(AND($F11="",$I11=""),"Alamat kosong",IF($N11="","Jabatan kosong",IF($O11="","No. HP kosong",IF(AND($R11<>"",$R11<17),"Usia di bawah 17",""))))))))) -> NIK kosong | Z11: =IF($B11="","",IF(AND(OR(CARI!$C$5="",ISNUMBER(SEARCH(CARI!$C$5,$B11&" "&$C11&" "&$D11&" "&$O11&" "&$I11&" "&$F11&" "&$J11&" "&$K11&" "&$L11&" "&$V11))),OR(CARI!$C$6="",$F11=CARI!$C$6),OR(CARI!$C$7="",$G11=CARI!$C$7),OR(CARI!$C$8="",$T11=CARI!$C$8)),MAX($Z$3:Z10)+1,"")) -> 8 | AA11: =IF($Y11="","",MAX($AA$3:AA10)+1) -> 8 | AB11: =IF($F11="","",$F11&"#"&COUNTIF($F$4:$F11,$F11)) -> Kp. Kuda Kuda#2 | AC11: =IF($B11="","",IF(AND(OR(CETAK!$J$10="",$F11=CETAK!$J$10),OR(CETAK!$J$11="",$G11=CETAK!$J$11),OR(CETAK!$J$12="",$P11=CETAK!$J$12),OR(CETAK!$J$13="",$N11=CETAK!$J$13),OR(CETAK!$J$14="",$T11=CETAK!$J$14)),MAX($AC$3:AC10)+1,"")) -> 8 | AD11: =IF($B11="","",IF(AND(OR(ABSENSI!$H$10="",$F11=ABSENSI!$H$10),OR(ABSENSI!$H$11="",$G11=ABSENSI!$H$11),OR(ABSENSI!$H$12="",$P11=ABSENSI!$H$12)),MAX($AD$3:AD10)+1,"")) -> 8 | AE11: =IF($B11="","",IF(AND(OR(KARTU!$K$6="",$F11=KARTU!$K$6),OR(KARTU!$K$7="",$G11=KARTU!$K$7),OR(KARTU!$K$8="",$P11=KARTU!$K$8)),MAX($AE$3:AE10)+1,"")) -> 8
A12: =IF($B12="","",COUNTA($B$4:$B12)) -> 9 | B12: DONY | F12: Kp. Gamprit | M12: =IF($F12="","",$F12&IF($G12="",""," - RT "&$G12&IF($H12="","","/"&$H12))) -> Kp. Gamprit | N12: Anggota | R12: =IF(OR($B12="",$Q12=""),"",DATEDIF($Q12,TODAY(),"Y")) | S12: =IF($R12="","",INDEX(usia_label,MATCH($R12,usia_min,1))) | T12: Aktif | W12: asli: Dony gamprit | X12: =IF($M12="","",$M12&"#"&COUNTIF($M$4:$M12,$M12)) -> Kp. Gamprit#3 | Y12: =IF($B12="","",IF($C12="","NIK kosong",IF(LEN($C12)<>16,"NIK bukan 16 digit",IF(COUNTIF($C$4:$C$2003,$C12&"*")>1,"NIK ganda",IF(AND($D12<>"",LEN($D12)<>16),"No. KK bukan 16 digit",IF(AND($F12="",$I12=""),"Alamat kosong",IF($N12="","Jabatan kosong",IF($O12="","No. HP kosong",IF(AND($R12<>"",$R12<17),"Usia di bawah 17",""))))))))) -> NIK kosong | Z12: =IF($B12="","",IF(AND(OR(CARI!$C$5="",ISNUMBER(SEARCH(CARI!$C$5,$B12&" "&$C12&" "&$D12&" "&$O12&" "&$I12&" "&$F12&" "&$J12&" "&$K12&" "&$L12&" "&$V12))),OR(CARI!$C$6="",$F12=CARI!$C$6),OR(CARI!$C$7="",$G12=CARI!$C$7),OR(CARI!$C$8="",$T12=CARI!$C$8)),MAX($Z$3:Z11)+1,"")) -> 9 | AA12: =IF($Y12="","",MAX($AA$3:AA11)+1) -> 9 | AB12: =IF($F12="","",$F12&"#"&COUNTIF($F$4:$F12,$F12)) -> Kp. Gamprit#3 | AC12: =IF($B12="","",IF(AND(OR(CETAK!$J$10="",$F12=CETAK!$J$10),OR(CETAK!$J$11="",$G12=CETAK!$J$11),OR(CETAK!$J$12="",$P12=CETAK!$J$12),OR(CETAK!$J$13="",$N12=CETAK!$J$13),OR(CETAK!$J$14="",$T12=CETAK!$J$14)),MAX($AC$3:AC11)+1,"")) -> 9 | AD12: =IF($B12="","",IF(AND(OR(ABSENSI!$H$10="",$F12=ABSENSI!$H$10),OR(ABSENSI!$H$11="",$G12=ABSENSI!$H$11),OR(ABSENSI!$H$12="",$P12=ABSENSI!$H$12)),MAX($AD$3:AD11)+1,"")) -> 9 | AE12: =IF($B12="","",IF(AND(OR(KARTU!$K$6="",$F12=KARTU!$K$6),OR(KARTU!$K$7="",$G12=KARTU!$K$7),OR(KARTU!$K$8="",$P12=KARTU!$K$8)),MAX($AE$3:AE11)+1,"")) -> 9
A13: =IF($B13="","",COUNTA($B$4:$B13)) -> 10 | B13: WAWAN | F13: Kp. Kuda Kuda | G13: 001 | H13: 004 | K13: Ilyas | L13: Kadus 2 | M13: =IF($F13="","",$F13&IF($G13="",""," - RT "&$G13&IF($H13="","","/"&$H13))) -> Kp. Kuda Kuda - RT 001/004 | N13: Anggota | R13: =IF(OR($B13="",$Q13=""),"",DATEDIF($Q13,TODAY(),"Y")) | S13: =IF($R13="","",INDEX(usia_label,MATCH($R13,usia_min,1))) | T13: Aktif | W13: asli: Wawan kuda kuda Rt 01/04 | X13: =IF($M13="","",$M13&"#"&COUNTIF($M$4:$M13,$M13)) -> Kp. Kuda Kuda - RT 001/004#1 | Y13: =IF($B13="","",IF($C13="","NIK kosong",IF(LEN($C13)<>16,"NIK bukan 16 digit",IF(COUNTIF($C$4:$C$2003,$C13&"*")>1,"NIK ganda",IF(AND($D13<>"",LEN($D13)<>16),"No. KK bukan 16 digit",IF(AND($F13="",$I13=""),"Alamat kosong",IF($N13="","Jabatan kosong",IF($O13="","No. HP kosong",IF(AND($R13<>"",$R13<17),"Usia di bawah 17",""))))))))) -> NIK kosong | Z13: =IF($B13="","",IF(AND(OR(CARI!$C$5="",ISNUMBER(SEARCH(CARI!$C$5,$B13&" "&$C13&" "&$D13&" "&$O13&" "&$I13&" "&$F13&" "&$J13&" "&$K13&" "&$L13&" "&$V13))),OR(CARI!$C$6="",$F13=CARI!$C$6),OR(CARI!$C$7="",$G13=CARI!$C$7),OR(CARI!$C$8="",$T13=CARI!$C$8)),MAX($Z$3:Z12)+1,"")) -> 10 | AA13: =IF($Y13="","",MAX($AA$3:AA12)+1) -> 10 | AB13: =IF($F13="","",$F13&"#"&COUNTIF($F$4:$F13,$F13)) -> Kp. Kuda Kuda#3 | AC13: =IF($B13="","",IF(AND(OR(CETAK!$J$10="",$F13=CETAK!$J$10),OR(CETAK!$J$11="",$G13=CETAK!$J$11),OR(CETAK!$J$12="",$P13=CETAK!$J$12),OR(CETAK!$J$13="",$N13=CETAK!$J$13),OR(CETAK!$J$14="",$T13=CETAK!$J$14)),MAX($AC$3:AC12)+1,"")) -> 10 | AD13: =IF($B13="","",IF(AND(OR(ABSENSI!$H$10="",$F13=ABSENSI!$H$10),OR(ABSENSI!$H$11="",$G13=ABSENSI!$H$11),OR(ABSENSI!$H$12="",$P13=ABSENSI!$H$12)),MAX($AD$3:AD12)+1,"")) -> 10 | AE13: =IF($B13="","",IF(AND(OR(KARTU!$K$6="",$F13=KARTU!$K$6),OR(KARTU!$K$7="",$G13=KARTU!$K$7),OR(KARTU!$K$8="",$P13=KARTU!$K$8)),MAX($AE$3:AE12)+1,"")) -> 10
A14: =IF($B14="","",COUNTA($B$4:$B14)) -> 11 | B14: MAS DENI | G14: 001 | H14: 004 | K14: Ilyas | L14: Kadus 2 | M14: =IF($F14="","",$F14&IF($G14="",""," - RT "&$G14&IF($H14="","","/"&$H14))) | N14: Anggota | R14: =IF(OR($B14="",$Q14=""),"",DATEDIF($Q14,TODAY(),"Y")) | S14: =IF($R14="","",INDEX(usia_label,MATCH($R14,usia_min,1))) | T14: Aktif | W14: asli: Mas Deni RT 01/04 | X14: =IF($M14="","",$M14&"#"&COUNTIF($M$4:$M14,$M14)) | Y14: =IF($B14="","",IF($C14="","NIK kosong",IF(LEN($C14)<>16,"NIK bukan 16 digit",IF(COUNTIF($C$4:$C$2003,$C14&"*")>1,"NIK ganda",IF(AND($D14<>"",LEN($D14)<>16),"No. KK bukan 16 digit",IF(AND($F14="",$I14=""),"Alamat kosong",IF($N14="","Jabatan kosong",IF($O14="","No. HP kosong",IF(AND($R14<>"",$R14<17),"Usia di bawah 17",""))))))))) -> NIK kosong | Z14: =IF($B14="","",IF(AND(OR(CARI!$C$5="",ISNUMBER(SEARCH(CARI!$C$5,$B14&" "&$C14&" "&$D14&" "&$O14&" "&$I14&" "&$F14&" "&$J14&" "&$K14&" "&$L14&" "&$V14))),OR(CARI!$C$6="",$F14=CARI!$C$6),OR(CARI!$C$7="",$G14=CARI!$C$7),OR(CARI!$C$8="",$T14=CARI!$C$8)),MAX($Z$3:Z13)+1,"")) -> 11 | AA14: =IF($Y14="","",MAX($AA$3:AA13)+1) -> 11 | AB14: =IF($F14="","",$F14&"#"&COUNTIF($F$4:$F14,$F14)) | AC14: =IF($B14="","",IF(AND(OR(CETAK!$J$10="",$F14=CETAK!$J$10),OR(CETAK!$J$11="",$G14=CETAK!$J$11),OR(CETAK!$J$12="",$P14=CETAK!$J$12),OR(CETAK!$J$13="",$N14=CETAK!$J$13),OR(CETAK!$J$14="",$T14=CETAK!$J$14)),MAX($AC$3:AC13)+1,"")) -> 11 | AD14: =IF($B14="","",IF(AND(OR(ABSENSI!$H$10="",$F14=ABSENSI!$H$10),OR(ABSENSI!$H$11="",$G14=ABSENSI!$H$11),OR(ABSENSI!$H$12="",$P14=ABSENSI!$H$12)),MAX($AD$3:AD13)+1,"")) -> 11 | AE14: =IF($B14="","",IF(AND(OR(KARTU!$K$6="",$F14=KARTU!$K$6),OR(KARTU!$K$7="",$G14=KARTU!$K$7),OR(KARTU!$K$8="",$P14=KARTU!$K$8)),MAX($AE$3:AE13)+1,"")) -> 11
A15: =IF($B15="","",COUNTA($B$4:$B15)) -> 12 | B15: HARIS | F15: Kp. Kuda Kuda | G15: 003 | H15: 001 | J15: Basir | K15: Maska | L15: Kadus 1 | M15: =IF($F15="","",$F15&IF($G15="",""," - RT "&$G15&IF($H15="","","/"&$H15))) -> Kp. Kuda Kuda - RT 003/001 | N15: Anggota | R15: =IF(OR($B15="",$Q15=""),"",DATEDIF($Q15,TODAY(),"Y")) | S15: =IF($R15="","",INDEX(usia_label,MATCH($R15,usia_min,1))) | T15: Aktif | W15: asli: Haris kuda kuda Rt003/001 Rt basir | X15: =IF($M15="","",$M15&"#"&COUNTIF($M$4:$M15,$M15)) -> Kp. Kuda Kuda - RT 003/001#1 | Y15: =IF($B15="","",IF($C15="","NIK kosong",IF(LEN($C15)<>16,"NIK bukan 16 digit",IF(COUNTIF($C$4:$C$2003,$C15&"*")>1,"NIK ganda",IF(AND($D15<>"",LEN($D15)<>16),"No. KK bukan 16 digit",IF(AND($F15="",$I15=""),"Alamat kosong",IF($N15="","Jabatan kosong",IF($O15="","No. HP kosong",IF(AND($R15<>"",$R15<17),"Usia di bawah 17",""))))))))) -> NIK kosong | Z15: =IF($B15="","",IF(AND(OR(CARI!$C$5="",ISNUMBER(SEARCH(CARI!$C$5,$B15&" "&$C15&" "&$D15&" "&$O15&" "&$I15&" "&$F15&" "&$J15&" "&$K15&" "&$L15&" "&$V15))),OR(CARI!$C$6="",$F15=CARI!$C$6),OR(CARI!$C$7="",$G15=CARI!$C$7),OR(CARI!$C$8="",$T15=CARI!$C$8)),MAX($Z$3:Z14)+1,"")) -> 12 | AA15: =IF($Y15="","",MAX($AA$3:AA14)+1) -> 12 | AB15: =IF($F15="","",$F15&"#"&COUNTIF($F$4:$F15,$F15)) -> Kp. Kuda Kuda#4 | AC15: =IF($B15="","",IF(AND(OR(CETAK!$J$10="",$F15=CETAK!$J$10),OR(CETAK!$J$11="",$G15=CETAK!$J$11),OR(CETAK!$J$12="",$P15=CETAK!$J$12),OR(CETAK!$J$13="",$N15=CETAK!$J$13),OR(CETAK!$J$14="",$T15=CETAK!$J$14)),MAX($AC$3:AC14)+1,"")) -> 12 | AD15: =IF($B15="","",IF(AND(OR(ABSENSI!$H$10="",$F15=ABSENSI!$H$10),OR(ABSENSI!$H$11="",$G15=ABSENSI!$H$11),OR(ABSENSI!$H$12="",$P15=ABSENSI!$H$12)),MAX($AD$3:AD14)+1,"")) -> 12 | AE15: =IF($B15="","",IF(AND(OR(KARTU!$K$6="",$F15=KARTU!$K$6),OR(KARTU!$K$7="",$G15=KARTU!$K$7),OR(KARTU!$K$8="",$P15=KARTU!$K$8)),MAX($AE$3:AE14)+1,"")) -> 12
A16: =IF($B16="","",COUNTA($B$4:$B16)) -> 13 | B16: NELIH | F16: Kp. Wangkal | G16: 004 | H16: 006 | K16: Saiman | L16: Kadus 3 | M16: =IF($F16="","",$F16&IF($G16="",""," - RT "&$G16&IF($H16="","","/"&$H16))) -> Kp. Wangkal - RT 004/006 | N16: Anggota | R16: =IF(OR($B16="",$Q16=""),"",DATEDIF($Q16,TODAY(),"Y")) | S16: =IF($R16="","",INDEX(usia_label,MATCH($R16,usia_min,1))) | T16: Aktif | W16: asli: Nelih wangkal 04/06 | X16: =IF($M16="","",$M16&"#"&COUNTIF($M$4:$M16,$M16)) -> Kp. Wangkal - RT 004/006#1 | Y16: =IF($B16="","",IF($C16="","NIK kosong",IF(LEN($C16)<>16,"NIK bukan 16 digit",IF(COUNTIF($C$4:$C$2003,$C16&"*")>1,"NIK ganda",IF(AND($D16<>"",LEN($D16)<>16),"No. KK bukan 16 digit",IF(AND($F16="",$I16=""),"Alamat kosong",IF($N16="","Jabatan kosong",IF($O16="","No. HP kosong",IF(AND($R16<>"",$R16<17),"Usia di bawah 17",""))))))))) -> NIK kosong | Z16: =IF($B16="","",IF(AND(OR(CARI!$C$5="",ISNUMBER(SEARCH(CARI!$C$5,$B16&" "&$C16&" "&$D16&" "&$O16&" "&$I16&" "&$F16&" "&$J16&" "&$K16&" "&$L16&" "&$V16))),OR(CARI!$C$6="",$F16=CARI!$C$6),OR(CARI!$C$7="",$G16=CARI!$C$7),OR(CARI!$C$8="",$T16=CARI!$C$8)),MAX($Z$3:Z15)+1,"")) -> 13 | AA16: =IF($Y16="","",MAX($AA$3:AA15)+1) -> 13 | AB16: =IF($F16="","",$F16&"#"&COUNTIF($F$4:$F16,$F16)) -> Kp. Wangkal#2 | AC16: =IF($B16="","",IF(AND(OR(CETAK!$J$10="",$F16=CETAK!$J$10),OR(CETAK!$J$11="",$G16=CETAK!$J$11),OR(CETAK!$J$12="",$P16=CETAK!$J$12),OR(CETAK!$J$13="",$N16=CETAK!$J$13),OR(CETAK!$J$14="",$T16=CETAK!$J$14)),MAX($AC$3:AC15)+1,"")) -> 13 | AD16: =IF($B16="","",IF(AND(OR(ABSENSI!$H$10="",$F16=ABSENSI!$H$10),OR(ABSENSI!$H$11="",$G16=ABSENSI!$H$11),OR(ABSENSI!$H$12="",$P16=ABSENSI!$H$12)),MAX($AD$3:AD15)+1,"")) -> 13 | AE16: =IF($B16="","",IF(AND(OR(KARTU!$K$6="",$F16=KARTU!$K$6),OR(KARTU!$K$7="",$G16=KARTU!$K$7),OR(KARTU!$K$8="",$P16=KARTU!$K$8)),MAX($AE$3:AE15)+1,"")) -> 13
A17: =IF($B17="","",COUNTA($B$4:$B17)) -> 14 | B17: RUDI | F17: Kp. Gamprit | G17: 003 | H17: 006 | J17: Wandy Suwandi | K17: Saiman | L17: Kadus 3 | M17: =IF($F17="","",$F17&IF($G17="",""," - RT "&$G17&IF($H17="","","/"&$H17))) -> Kp. Gamprit - RT 003/006 | N17: Anggota | R17: =IF(OR($B17="",$Q17=""),"",DATEDIF($Q17,TODAY(),"Y")) | S17: =IF($R17="","",INDEX(usia_label,MATCH($R17,usia_min,1))) | T17: Aktif | W17: asli: Rudi kp gamprit RT wandi | X17: =IF($M17="","",$M17&"#"&COUNTIF($M$4:$M17,$M17)) -> Kp. Gamprit - RT 003/006#1 | Y17: =IF($B17="","",IF($C17="","NIK kosong",IF(LEN($C17)<>16,"NIK bukan 16 digit",IF(COUNTIF($C$4:$C$2003,$C17&"*")>1,"NIK ganda",IF(AND($D17<>"",LEN($D17)<>16),"No. KK bukan 16 digit",IF(AND($F17="",$I17=""),"Alamat kosong",IF($N17="","Jabatan kosong",IF($O17="","No. HP kosong",IF(AND($R17<>"",$R17<17),"Usia di bawah 17",""))))))))) -> NIK kosong | Z17: =IF($B17="","",IF(AND(OR(CARI!$C$5="",ISNUMBER(SEARCH(CARI!$C$5,$B17&" "&$C17&" "&$D17&" "&$O17&" "&$I17&" "&$F17&" "&$J17&" "&$K17&" "&$L17&" "&$V17))),OR(CARI!$C$6="",$F17=CARI!$C$6),OR(CARI!$C$7="",$G17=CARI!$C$7),OR(CARI!$C$8="",$T17=CARI!$C$8)),MAX($Z$3:Z16)+1,"")) -> 14 | AA17: =IF($Y17="","",MAX($AA$3:AA16)+1) -> 14 | AB17: =IF($F17="","",$F17&"#"&COUNTIF($F$4:$F17,$F17)) -> Kp. Gamprit#4 | AC17: =IF($B17="","",IF(AND(OR(CETAK!$J$10="",$F17=CETAK!$J$10),OR(CETAK!$J$11="",$G17=CETAK!$J$11),OR(CETAK!$J$12="",$P17=CETAK!$J$12),OR(CETAK!$J$13="",$N17=CETAK!$J$13),OR(CETAK!$J$14="",$T17=CETAK!$J$14)),MAX($AC$3:AC16)+1,"")) -> 14 | AD17: =IF($B17="","",IF(AND(OR(ABSENSI!$H$10="",$F17=ABSENSI!$H$10),OR(ABSENSI!$H$11="",$G17=ABSENSI!$H$11),OR(ABSENSI!$H$12="",$P17=ABSENSI!$H$12)),MAX($AD$3:AD16)+1,"")) -> 14 | AE17: =IF($B17="","",IF(AND(OR(KARTU!$K$6="",$F17=KARTU!$K$6),OR(KARTU!$K$7="",$G17=KARTU!$K$7),OR(KARTU!$K$8="",$P17=KARTU!$K$8)),MAX($AE$3:AE16)+1,"")) -> 14
A18: =IF($B18="","",COUNTA($B$4:$B18)) -> 15 | B18: NIMAN | F18: Kp. Gamprit | G18: 002 | H18: 005 | K18: Niman | L18: Kadus 3 | M18: =IF($F18="","",$F18&IF($G18="",""," - RT "&$G18&IF($H18="","","/"&$H18))) -> Kp. Gamprit - RT 002/005 | N18: Ketua RW | R18: =IF(OR($B18="",$Q18=""),"",DATEDIF($Q18,TODAY(),"Y")) | S18: =IF($R18="","",INDEX(usia_label,MATCH($R18,usia_min,1))) | T18: Aktif | W18: asli: RK NIMAN RT 002/ RW 005 kp gamprit | X18: =IF($M18="","",$M18&"#"&COUNTIF($M$4:$M18,$M18)) -> Kp. Gamprit - RT 002/005#1 | Y18: =IF($B18="","",IF($C18="","NIK kosong",IF(LEN($C18)<>16,"NIK bukan 16 digit",IF(COUNTIF($C$4:$C$2003,$C18&"*")>1,"NIK ganda",IF(AND($D18<>"",LEN($D18)<>16),"No. KK bukan 16 digit",IF(AND($F18="",$I18=""),"Alamat kosong",IF($N18="","Jabatan kosong",IF($O18="","No. HP kosong",IF(AND($R18<>"",$R18<17),"Usia di bawah 17",""))))))))) -> NIK kosong | Z18: =IF($B18="","",IF(AND(OR(CARI!$C$5="",ISNUMBER(SEARCH(CARI!$C$5,$B18&" "&$C18&" "&$D18&" "&$O18&" "&$I18&" "&$F18&" "&$J18&" "&$K18&" "&$L18&" "&$V18))),OR(CARI!$C$6="",$F18=CARI!$C$6),OR(CARI!$C$7="",$G18=CARI!$C$7),OR(CARI!$C$8="",$T18=CARI!$C$8)),MAX($Z$3:Z17)+1,"")) -> 15 | AA18: =IF($Y18="","",MAX($AA$3:AA17)+1) -> 15 | AB18: =IF($F18="","",$F18&"#"&COUNTIF($F$4:$F18,$F18)) -> Kp. Gamprit#5 | AC18: =IF($B18="","",IF(AND(OR(CETAK!$J$10="",$F18=CETAK!$J$10),OR(CETAK!$J$11="",$G18=CETAK!$J$11),OR(CETAK!$J$12="",$P18=CETAK!$J$12),OR(CETAK!$J$13="",$N18=CETAK!$J$13),OR(CETAK!$J$14="",$T18=CETAK!$J$14)),MAX($AC$3:AC17)+1,"")) -> 15 | AD18: =IF($B18="","",IF(AND(OR(ABSENSI!$H$10="",$F18=ABSENSI!$H$10),OR(ABSENSI!$H$11="",$G18=ABSENSI!$H$11),OR(ABSENSI!$H$12="",$P18=ABSENSI!$H$12)),MAX($AD$3:AD17)+1,"")) -> 15 | AE18: =IF($B18="","",IF(AND(OR(KARTU!$K$6="",$F18=KARTU!$K$6),OR(KARTU!$K$7="",$G18=KARTU!$K$7),OR(KARTU!$K$8="",$P18=KARTU!$K$8)),MAX($AE$3:AE17)+1,"")) -> 15
A19: =IF($B19="","",COUNTA($B$4:$B19)) -> 16 | B19: RENALDI | F19: Kp. Gamprit | G19: 003 | H19: 006 | J19: Wandy Suwandi | K19: Saiman | L19: Kadus 3 | M19: =IF($F19="","",$F19&IF($G19="",""," - RT "&$G19&IF($H19="","","/"&$H19))) -> Kp. Gamprit - RT 003/006 | N19: Anggota | R19: =IF(OR($B19="",$Q19=""),"",DATEDIF($Q19,TODAY(),"Y")) | S19: =IF($R19="","",INDEX(usia_label,MATCH($R19,usia_min,1))) | T19: Aktif | W19: asli: Renaldi kp gamprit RT wandi | X19: =IF($M19="","",$M19&"#"&COUNTIF($M$4:$M19,$M19)) -> Kp. Gamprit - RT 003/006#2 | Y19: =IF($B19="","",IF($C19="","NIK kosong",IF(LEN($C19)<>16,"NIK bukan 16 digit",IF(COUNTIF($C$4:$C$2003,$C19&"*")>1,"NIK ganda",IF(AND($D19<>"",LEN($D19)<>16),"No. KK bukan 16 digit",IF(AND($F19="",$I19=""),"Alamat kosong",IF($N19="","Jabatan kosong",IF($O19="","No. HP kosong",IF(AND($R19<>"",$R19<17),"Usia di bawah 17",""))))))))) -> NIK kosong | Z19: =IF($B19="","",IF(AND(OR(CARI!$C$5="",ISNUMBER(SEARCH(CARI!$C$5,$B19&" "&$C19&" "&$D19&" "&$O19&" "&$I19&" "&$F19&" "&$J19&" "&$K19&" "&$L19&" "&$V19))),OR(CARI!$C$6="",$F19=CARI!$C$6),OR(CARI!$C$7="",$G19=CARI!$C$7),OR(CARI!$C$8="",$T19=CARI!$C$8)),MAX($Z$3:Z18)+1,"")) -> 16 | AA19: =IF($Y19="","",MAX($AA$3:AA18)+1) -> 16 | AB19: =IF($F19="","",$F19&"#"&COUNTIF($F$4:$F19,$F19)) -> Kp. Gamprit#6 | AC19: =IF($B19="","",IF(AND(OR(CETAK!$J$10="",$F19=CETAK!$J$10),OR(CETAK!$J$11="",$G19=CETAK!$J$11),OR(CETAK!$J$12="",$P19=CETAK!$J$12),OR(CETAK!$J$13="",$N19=CETAK!$J$13),OR(CETAK!$J$14="",$T19=CETAK!$J$14)),MAX($AC$3:AC18)+1,"")) -> 16 | AD19: =IF($B19="","",IF(AND(OR(ABSENSI!$H$10="",$F19=ABSENSI!$H$10),OR(ABSENSI!$H$11="",$G19=ABSENSI!$H$11),OR(ABSENSI!$H$12="",$P19=ABSENSI!$H$12)),MAX($AD$3:AD18)+1,"")) -> 16 | AE19: =IF($B19="","",IF(AND(OR(KARTU!$K$6="",$F19=KARTU!$K$6),OR(KARTU!$K$7="",$G19=KARTU!$K$7),OR(KARTU!$K$8="",$P19=KARTU!$K$8)),MAX($AE$3:AE18)+1,"")) -> 16
A20: =IF($B20="","",COUNTA($B$4:$B20)) -> 17 | B20: JAYA | F20: Kp. Wangkal | G20: 004 | H20: 006 | K20: Saiman | L20: Kadus 3 | M20: =IF($F20="","",$F20&IF($G20="",""," - RT "&$G20&IF($H20="","","/"&$H20))) -> Kp. Wangkal - RT 004/006 | N20: Anggota | R20: =IF(OR($B20="",$Q20=""),"",DATEDIF($Q20,TODAY(),"Y")) | S20: =IF($R20="","",INDEX(usia_label,MATCH($R20,usia_min,1))) | T20: Aktif | W20: asli: Jaya kp wangkal RT 04/06 | X20: =IF($M20="","",$M20&"#"&COUNTIF($M$4:$M20,$M20)) -> Kp. Wangkal - RT 004/006#2 | Y20: =IF($B20="","",IF($C20="","NIK kosong",IF(LEN($C20)<>16,"NIK bukan 16 digit",IF(COUNTIF($C$4:$C$2003,$C20&"*")>1,"NIK ganda",IF(AND($D20<>"",LEN($D20)<>16),"No. KK bukan 16 digit",IF(AND($F20="",$I20=""),"Alamat kosong",IF($N20="","Jabatan kosong",IF($O20="","No. HP kosong",IF(AND($R20<>"",$R20<17),"Usia di bawah 17",""))))))))) -> NIK kosong | Z20: =IF($B20="","",IF(AND(OR(CARI!$C$5="",ISNUMBER(SEARCH(CARI!$C$5,$B20&" "&$C20&" "&$D20&" "&$O20&" "&$I20&" "&$F20&" "&$J20&" "&$K20&" "&$L20&" "&$V20))),OR(CARI!$C$6="",$F20=CARI!$C$6),OR(CARI!$C$7="",$G20=CARI!$C$7),OR(CARI!$C$8="",$T20=CARI!$C$8)),MAX($Z$3:Z19)+1,"")) -> 17 | AA20: =IF($Y20="","",MAX($AA$3:AA19)+1) -> 17 | AB20: =IF($F20="","",$F20&"#"&COUNTIF($F$4:$F20,$F20)) -> Kp. Wangkal#3 | AC20: =IF($B20="","",IF(AND(OR(CETAK!$J$10="",$F20=CETAK!$J$10),OR(CETAK!$J$11="",$G20=CETAK!$J$11),OR(CETAK!$J$12="",$P20=CETAK!$J$12),OR(CETAK!$J$13="",$N20=CETAK!$J$13),OR(CETAK!$J$14="",$T20=CETAK!$J$14)),MAX($AC$3:AC19)+1,"")) -> 17 | AD20: =IF($B20="","",IF(AND(OR(ABSENSI!$H$10="",$F20=ABSENSI!$H$10),OR(ABSENSI!$H$11="",$G20=ABSENSI!$H$11),OR(ABSENSI!$H$12="",$P20=ABSENSI!$H$12)),MAX($AD$3:AD19)+1,"")) -> 17 | AE20: =IF($B20="","",IF(AND(OR(KARTU!$K$6="",$F20=KARTU!$K$6),OR(KARTU!$K$7="",$G20=KARTU!$K$7),OR(KARTU!$K$8="",$P20=KARTU!$K$8)),MAX($AE$3:AE19)+1,"")) -> 17
A21: =IF($B21="","",COUNTA($B$4:$B21)) -> 18 | B21: ADE RINO | F21: Kp. Gamprit | G21: 003 | H21: 006 | J21: Wandy Suwandi | K21: Saiman | L21: Kadus 3 | M21: =IF($F21="","",$F21&IF($G21="",""," - RT "&$G21&IF($H21="","","/"&$H21))) -> Kp. Gamprit - RT 003/006 | N21: Anggota | R21: =IF(OR($B21="",$Q21=""),"",DATEDIF($Q21,TODAY(),"Y")) | S21: =IF($R21="","",INDEX(usia_label,MATCH($R21,usia_min,1))) | T21: Aktif | W21: asli: Ade Rino kp gamprit RT wandi | X21: =IF($M21="","",$M21&"#"&COUNTIF($M$4:$M21,$M21)) -> Kp. Gamprit - RT 003/006#3 | Y21: =IF($B21="","",IF($C21="","NIK kosong",IF(LEN($C21)<>16,"NIK bukan 16 digit",IF(COUNTIF($C$4:$C$2003,$C21&"*")>1,"NIK ganda",IF(AND($D21<>"",LEN($D21)<>16),"No. KK bukan 16 digit",IF(AND($F21="",$I21=""),"Alamat kosong",IF($N21="","Jabatan kosong",IF($O21="","No. HP kosong",IF(AND($R21<>"",$R21<17),"Usia di bawah 17",""))))))))) -> NIK kosong | Z21: =IF($B21="","",IF(AND(OR(CARI!$C$5="",ISNUMBER(SEARCH(CARI!$C$5,$B21&" "&$C21&" "&$D21&" "&$O21&" "&$I21&" "&$F21&" "&$J21&" "&$K21&" "&$L21&" "&$V21))),OR(CARI!$C$6="",$F21=CARI!$C$6),OR(CARI!$C$7="",$G21=CARI!$C$7),OR(CARI!$C$8="",$T21=CARI!$C$8)),MAX($Z$3:Z20)+1,"")) -> 18 | AA21: =IF($Y21="","",MAX($AA$3:AA20)+1) -> 18 | AB21: =IF($F21="","",$F21&"#"&COUNTIF($F$4:$F21,$F21)) -> Kp. Gamprit#7 | AC21: =IF($B21="","",IF(AND(OR(CETAK!$J$10="",$F21=CETAK!$J$10),OR(CETAK!$J$11="",$G21=CETAK!$J$11),OR(CETAK!$J$12="",$P21=CETAK!$J$12),OR(CETAK!$J$13="",$N21=CETAK!$J$13),OR(CETAK!$J$14="",$T21=CETAK!$J$14)),MAX($AC$3:AC20)+1,"")) -> 18 | AD21: =IF($B21="","",IF(AND(OR(ABSENSI!$H$10="",$F21=ABSENSI!$H$10),OR(ABSENSI!$H$11="",$G21=ABSENSI!$H$11),OR(ABSENSI!$H$12="",$P21=ABSENSI!$H$12)),MAX($AD$3:AD20)+1,"")) -> 18 | AE21: =IF($B21="","",IF(AND(OR(KARTU!$K$6="",$F21=KARTU!$K$6),OR(KARTU!$K$7="",$G21=KARTU!$K$7),OR(KARTU!$K$8="",$P21=KARTU!$K$8)),MAX($AE$3:AE20)+1,"")) -> 18
A22: =IF($B22="","",COUNTA($B$4:$B22)) -> 19 | B22: WINDA | F22: Kp. Kuda Kuda | G22: 004 | J22: Onin | L22: Kadus 1 | M22: =IF($F22="","",$F22&IF($G22="",""," - RT "&$G22&IF($H22="","","/"&$H22))) -> Kp. Kuda Kuda - RT 004 | N22: Anggota | R22: =IF(OR($B22="",$Q22=""),"",DATEDIF($Q22,TODAY(),"Y")) | S22: =IF($R22="","",INDEX(usia_label,MATCH($R22,usia_min,1))) | T22: Aktif | W22: asli: Winda kp kuda kuda RT onin | X22: =IF($M22="","",$M22&"#"&COUNTIF($M$4:$M22,$M22)) -> Kp. Kuda Kuda - RT 004#1 | Y22: =IF($B22="","",IF($C22="","NIK kosong",IF(LEN($C22)<>16,"NIK bukan 16 digit",IF(COUNTIF($C$4:$C$2003,$C22&"*")>1,"NIK ganda",IF(AND($D22<>"",LEN($D22)<>16),"No. KK bukan 16 digit",IF(AND($F22="",$I22=""),"Alamat kosong",IF($N22="","Jabatan kosong",IF($O22="","No. HP kosong",IF(AND($R22<>"",$R22<17),"Usia di bawah 17",""))))))))) -> NIK kosong | Z22: =IF($B22="","",IF(AND(OR(CARI!$C$5="",ISNUMBER(SEARCH(CARI!$C$5,$B22&" "&$C22&" "&$D22&" "&$O22&" "&$I22&" "&$F22&" "&$J22&" "&$K22&" "&$L22&" "&$V22))),OR(CARI!$C$6="",$F22=CARI!$C$6),OR(CARI!$C$7="",$G22=CARI!$C$7),OR(CARI!$C$8="",$T22=CARI!$C$8)),MAX($Z$3:Z21)+1,"")) -> 19 | AA22: =IF($Y22="","",MAX($AA$3:AA21)+1) -> 19 | AB22: =IF($F22="","",$F22&"#"&COUNTIF($F$4:$F22,$F22)) -> Kp. Kuda Kuda#5 | AC22: =IF($B22="","",IF(AND(OR(CETAK!$J$10="",$F22=CETAK!$J$10),OR(CETAK!$J$11="",$G22=CETAK!$J$11),OR(CETAK!$J$12="",$P22=CETAK!$J$12),OR(CETAK!$J$13="",$N22=CETAK!$J$13),OR(CETAK!$J$14="",$T22=CETAK!$J$14)),MAX($AC$3:AC21)+1,"")) -> 19 | AD22: =IF($B22="","",IF(AND(OR(ABSENSI!$H$10="",$F22=ABSENSI!$H$10),OR(ABSENSI!$H$11="",$G22=ABSENSI!$H$11),OR(ABSENSI!$H$12="",$P22=ABSENSI!$H$12)),MAX($AD$3:AD21)+1,"")) -> 19 | AE22: =IF($B22="","",IF(AND(OR(KARTU!$K$6="",$F22=KARTU!$K$6),OR(KARTU!$K$7="",$G22=KARTU!$K$7),OR(KARTU!$K$8="",$P22=KARTU!$K$8)),MAX($AE$3:AE21)+1,"")) -> 19
A23: =IF($B23="","",COUNTA($B$4:$B23)) -> 20 | B23: HERMAN BOLON | F23: Kp. Gamprit | G23: 003 | H23: 006 | J23: Wandy Suwandi | K23: Saiman | L23: Kadus 3 | M23: =IF($F23="","",$F23&IF($G23="",""," - RT "&$G23&IF($H23="","","/"&$H23))) -> Kp. Gamprit - RT 003/006 | N23: Anggota | R23: =IF(OR($B23="",$Q23=""),"",DATEDIF($Q23,TODAY(),"Y")) | S23: =IF($R23="","",INDEX(usia_label,MATCH($R23,usia_min,1))) | T23: Aktif | W23: asli: Herman Bolon kp gamprit RT wandi | X23: =IF($M23="","",$M23&"#"&COUNTIF($M$4:$M23,$M23)) -> Kp. Gamprit - RT 003/006#4 | Y23: =IF($B23="","",IF($C23="","NIK kosong",IF(LEN($C23)<>16,"NIK bukan 16 digit",IF(COUNTIF($C$4:$C$2003,$C23&"*")>1,"NIK ganda",IF(AND($D23<>"",LEN($D23)<>16),"No. KK bukan 16 digit",IF(AND($F23="",$I23=""),"Alamat kosong",IF($N23="","Jabatan kosong",IF($O23="","No. HP kosong",IF(AND($R23<>"",$R23<17),"Usia di bawah 17",""))))))))) -> NIK kosong | Z23: =IF($B23="","",IF(AND(OR(CARI!$C$5="",ISNUMBER(SEARCH(CARI!$C$5,$B23&" "&$C23&" "&$D23&" "&$O23&" "&$I23&" "&$F23&" "&$J23&" "&$K23&" "&$L23&" "&$V23))),OR(CARI!$C$6="",$F23=CARI!$C$6),OR(CARI!$C$7="",$G23=CARI!$C$7),OR(CARI!$C$8="",$T23=CARI!$C$8)),MAX($Z$3:Z22)+1,"")) -> 20 | AA23: =IF($Y23="","",MAX($AA$3:AA22)+1) -> 20 | AB23: =IF($F23="","",$F23&"#"&COUNTIF($F$4:$F23,$F23)) -> Kp. Gamprit#8 | AC23: =IF($B23="","",IF(AND(OR(CETAK!$J$10="",$F23=CETAK!$J$10),OR(CETAK!$J$11="",$G23=CETAK!$J$11),OR(CETAK!$J$12="",$P23=CETAK!$J$12),OR(CETAK!$J$13="",$N23=CETAK!$J$13),OR(CETAK!$J$14="",$T23=CETAK!$J$14)),MAX($AC$3:AC22)+1,"")) -> 20 | AD23: =IF($B23="","",IF(AND(OR(ABSENSI!$H$10="",$F23=ABSENSI!$H$10),OR(ABSENSI!$H$11="",$G23=ABSENSI!$H$11),OR(ABSENSI!$H$12="",$P23=ABSENSI!$H$12)),MAX($AD$3:AD22)+1,"")) -> 20 | AE23: =IF($B23="","",IF(AND(OR(KARTU!$K$6="",$F23=KARTU!$K$6),OR(KARTU!$K$7="",$G23=KARTU!$K$7),OR(KARTU!$K$8="",$P23=KARTU!$K$8)),MAX($AE$3:AE22)+1,"")) -> 20
A24: =IF($B24="","",COUNTA($B$4:$B24)) -> 21 | B24: TASBIH (BODONG) | F24: Kp. Wangkal | G24: 004 | H24: 006 | J24: Nemin | K24: Saiman | L24: Kadus 3 | M24: =IF($F24="","",$F24&IF($G24="",""," - RT "&$G24&IF($H24="","","/"&$H24))) -> Kp. Wangkal - RT 004/006 | N24: Anggota | R24: =IF(OR($B24="",$Q24=""),"",DATEDIF($Q24,TODAY(),"Y")) | S24: =IF($R24="","",INDEX(usia_label,MATCH($R24,usia_min,1))) | T24: Aktif | W24: asli: Tasbih/bodong kp wangkal RT nemin | X24: =IF($M24="","",$M24&"#"&COUNTIF($M$4:$M24,$M24)) -> Kp. Wangkal - RT 004/006#3 | Y24: =IF($B24="","",IF($C24="","NIK kosong",IF(LEN($C24)<>16,"NIK bukan 16 digit",IF(COUNTIF($C$4:$C$2003,$C24&"*")>1,"NIK ganda",IF(AND($D24<>"",LEN($D24)<>16),"No. KK bukan 16 digit",IF(AND($F24="",$I24=""),"Alamat kosong",IF($N24="","Jabatan kosong",IF($O24="","No. HP kosong",IF(AND($R24<>"",$R24<17),"Usia di bawah 17",""))))))))) -> NIK kosong | Z24: =IF($B24="","",IF(AND(OR(CARI!$C$5="",ISNUMBER(SEARCH(CARI!$C$5,$B24&" "&$C24&" "&$D24&" "&$O24&" "&$I24&" "&$F24&" "&$J24&" "&$K24&" "&$L24&" "&$V24))),OR(CARI!$C$6="",$F24=CARI!$C$6),OR(CARI!$C$7="",$G24=CARI!$C$7),OR(CARI!$C$8="",$T24=CARI!$C$8)),MAX($Z$3:Z23)+1,"")) -> 21 | AA24: =IF($Y24="","",MAX($AA$3:AA23)+1) -> 21 | AB24: =IF($F24="","",$F24&"#"&COUNTIF($F$4:$F24,$F24)) -> Kp. Wangkal#4 | AC24: =IF($B24="","",IF(AND(OR(CETAK!$J$10="",$F24=CETAK!$J$10),OR(CETAK!$J$11="",$G24=CETAK!$J$11),OR(CETAK!$J$12="",$P24=CETAK!$J$12),OR(CETAK!$J$13="",$N24=CETAK!$J$13),OR(CETAK!$J$14="",$T24=CETAK!$J$14)),MAX($AC$3:AC23)+1,"")) -> 21 | AD24: =IF($B24="","",IF(AND(OR(ABSENSI!$H$10="",$F24=ABSENSI!$H$10),OR(ABSENSI!$H$11="",$G24=ABSENSI!$H$11),OR(ABSENSI!$H$12="",$P24=ABSENSI!$H$12)),MAX($AD$3:AD23)+1,"")) -> 21 | AE24: =IF($B24="","",IF(AND(OR(KARTU!$K$6="",$F24=KARTU!$K$6),OR(KARTU!$K$7="",$G24=KARTU!$K$7),OR(KARTU!$K$8="",$P24=KARTU!$K$8)),MAX($AE$3:AE23)+1,"")) -> 21
A25: =IF($B25="","",COUNTA($B$4:$B25)) -> 22 | B25: MARDI | F25: Kp. Wangkal | G25: 005 | H25: 006 | K25: Saiman | L25: Kadus 3 | M25: =IF($F25="","",$F25&IF($G25="",""," - RT "&$G25&IF($H25="","","/"&$H25))) -> Kp. Wangkal - RT 005/006 | N25: Anggota | R25: =IF(OR($B25="",$Q25=""),"",DATEDIF($Q25,TODAY(),"Y")) | S25: =IF($R25="","",INDEX(usia_label,MATCH($R25,usia_min,1))) | T25: Aktif | W25: asli: Mardi kp wangkal RT 05/06 | X25: =IF($M25="","",$M25&"#"&COUNTIF($M$4:$M25,$M25)) -> Kp. Wangkal - RT 005/006#1 | Y25: =IF($B25="","",IF($C25="","NIK kosong",IF(LEN($C25)<>16,"NIK bukan 16 digit",IF(COUNTIF($C$4:$C$2003,$C25&"*")>1,"NIK ganda",IF(AND($D25<>"",LEN($D25)<>16),"No. KK bukan 16 digit",IF(AND($F25="",$I25=""),"Alamat kosong",IF($N25="","Jabatan kosong",IF($O25="","No. HP kosong",IF(AND($R25<>"",$R25<17),"Usia di bawah 17",""))))))))) -> NIK kosong | Z25: =IF($B25="","",IF(AND(OR(CARI!$C$5="",ISNUMBER(SEARCH(CARI!$C$5,$B25&" "&$C25&" "&$D25&" "&$O25&" "&$I25&" "&$F25&" "&$J25&" "&$K25&" "&$L25&" "&$V25))),OR(CARI!$C$6="",$F25=CARI!$C$6),OR(CARI!$C$7="",$G25=CARI!$C$7),OR(CARI!$C$8="",$T25=CARI!$C$8)),MAX($Z$3:Z24)+1,"")) -> 22 | AA25: =IF($Y25="","",MAX($AA$3:AA24)+1) -> 22 | AB25: =IF($F25="","",$F25&"#"&COUNTIF($F$4:$F25,$F25)) -> Kp. Wangkal#5 | AC25: =IF($B25="","",IF(AND(OR(CETAK!$J$10="",$F25=CETAK!$J$10),OR(CETAK!$J$11="",$G25=CETAK!$J$11),OR(CETAK!$J$12="",$P25=CETAK!$J$12),OR(CETAK!$J$13="",$N25=CETAK!$J$13),OR(CETAK!$J$14="",$T25=CETAK!$J$14)),MAX($AC$3:AC24)+1,"")) -> 22 | AD25: =IF($B25="","",IF(AND(OR(ABSENSI!$H$10="",$F25=ABSENSI!$H$10),OR(ABSENSI!$H$11="",$G25=ABSENSI!$H$11),OR(ABSENSI!$H$12="",$P25=ABSENSI!$H$12)),MAX($AD$3:AD24)+1,"")) -> 22 | AE25: =IF($B25="","",IF(AND(OR(KARTU!$K$6="",$F25=KARTU!$K$6),OR(KARTU!$K$7="",$G25=KARTU!$K$7),OR(KARTU!$K$8="",$P25=KARTU!$K$8)),MAX($AE$3:AE24)+1,"")) -> 22
A26: =IF($B26="","",COUNTA($B$4:$B26)) -> 23 | B26: OTIH (AAL) | F26: Kp. Gamprit | G26: 003 | H26: 006 | J26: Wandy Suwandi | K26: Saiman | L26: Kadus 3 | M26: =IF($F26="","",$F26&IF($G26="",""," - RT "&$G26&IF($H26="","","/"&$H26))) -> Kp. Gamprit - RT 003/006 | N26: Anggota | R26: =IF(OR($B26="",$Q26=""),"",DATEDIF($Q26,TODAY(),"Y")) | S26: =IF($R26="","",INDEX(usia_label,MATCH($R26,usia_min,1))) | T26: Aktif | W26: asli: Otih/aal kp gamprit RT wandi | X26: =IF($M26="","",$M26&"#"&COUNTIF($M$4:$M26,$M26)) -> Kp. Gamprit - RT 003/006#5 | Y26: =IF($B26="","",IF($C26="","NIK kosong",IF(LEN($C26)<>16,"NIK bukan 16 digit",IF(COUNTIF($C$4:$C$2003,$C26&"*")>1,"NIK ganda",IF(AND($D26<>"",LEN($D26)<>16),"No. KK bukan 16 digit",IF(AND($F26="",$I26=""),"Alamat kosong",IF($N26="","Jabatan kosong",IF($O26="","No. HP kosong",IF(AND($R26<>"",$R26<17),"Usia di bawah 17",""))))))))) -> NIK kosong | Z26: =IF($B26="","",IF(AND(OR(CARI!$C$5="",ISNUMBER(SEARCH(CARI!$C$5,$B26&" "&$C26&" "&$D26&" "&$O26&" "&$I26&" "&$F26&" "&$J26&" "&$K26&" "&$L26&" "&$V26))),OR(CARI!$C$6="",$F26=CARI!$C$6),OR(CARI!$C$7="",$G26=CARI!$C$7),OR(CARI!$C$8="",$T26=CARI!$C$8)),MAX($Z$3:Z25)+1,"")) -> 23 | AA26: =IF($Y26="","",MAX($AA$3:AA25)+1) -> 23 | AB26: =IF($F26="","",$F26&"#"&COUNTIF($F$4:$F26,$F26)) -> Kp. Gamprit#9 | AC26: =IF($B26="","",IF(AND(OR(CETAK!$J$10="",$F26=CETAK!$J$10),OR(CETAK!$J$11="",$G26=CETAK!$J$11),OR(CETAK!$J$12="",$P26=CETAK!$J$12),OR(CETAK!$J$13="",$N26=CETAK!$J$13),OR(CETAK!$J$14="",$T26=CETAK!$J$14)),MAX($AC$3:AC25)+1,"")) -> 23 | AD26: =IF($B26="","",IF(AND(OR(ABSENSI!$H$10="",$F26=ABSENSI!$H$10),OR(ABSENSI!$H$11="",$G26=ABSENSI!$H$11),OR(ABSENSI!$H$12="",$P26=ABSENSI!$H$12)),MAX($AD$3:AD25)+1,"")) -> 23 | AE26: =IF($B26="","",IF(AND(OR(KARTU!$K$6="",$F26=KARTU!$K$6),OR(KARTU!$K$7="",$G26=KARTU!$K$7),OR(KARTU!$K$8="",$P26=KARTU!$K$8)),MAX($AE$3:AE25)+1,"")) -> 23
A27: =IF($B27="","",COUNTA($B$4:$B27)) -> 24 | B27: KANDI | F27: Kp. Gamprit | G27: 003 | H27: 006 | J27: Wandy Suwandi | K27: Saiman | L27: Kadus 3 | M27: =IF($F27="","",$F27&IF($G27="",""," - RT "&$G27&IF($H27="","","/"&$H27))) -> Kp. Gamprit - RT 003/006 | N27: Anggota | R27: =IF(OR($B27="",$Q27=""),"",DATEDIF($Q27,TODAY(),"Y")) | S27: =IF($R27="","",INDEX(usia_label,MATCH($R27,usia_min,1))) | T27: Aktif | W27: asli: Kandi gamprit RT wandi | X27: =IF($M27="","",$M27&"#"&COUNTIF($M$4:$M27,$M27)) -> Kp. Gamprit - RT 003/006#6 | Y27: =IF($B27="","",IF($C27="","NIK kosong",IF(LEN($C27)<>16,"NIK bukan 16 digit",IF(COUNTIF($C$4:$C$2003,$C27&"*")>1,"NIK ganda",IF(AND($D27<>"",LEN($D27)<>16),"No. KK bukan 16 digit",IF(AND($F27="",$I27=""),"Alamat kosong",IF($N27="","Jabatan kosong",IF($O27="","No. HP kosong",IF(AND($R27<>"",$R27<17),"Usia di bawah 17",""))))))))) -> NIK kosong | Z27: =IF($B27="","",IF(AND(OR(CARI!$C$5="",ISNUMBER(SEARCH(CARI!$C$5,$B27&" "&$C27&" "&$D27&" "&$O27&" "&$I27&" "&$F27&" "&$J27&" "&$K27&" "&$L27&" "&$V27))),OR(CARI!$C$6="",$F27=CARI!$C$6),OR(CARI!$C$7="",$G27=CARI!$C$7),OR(CARI!$C$8="",$T27=CARI!$C$8)),MAX($Z$3:Z26)+1,"")) -> 24 | AA27: =IF($Y27="","",MAX($AA$3:AA26)+1) -> 24 | AB27: =IF($F27="","",$F27&"#"&COUNTIF($F$4:$F27,$F27)) -> Kp. Gamprit#10 | AC27: =IF($B27="","",IF(AND(OR(CETAK!$J$10="",$F27=CETAK!$J$10),OR(CETAK!$J$11="",$G27=CETAK!$J$11),OR(CETAK!$J$12="",$P27=CETAK!$J$12),OR(CETAK!$J$13="",$N27=CETAK!$J$13),OR(CETAK!$J$14="",$T27=CETAK!$J$14)),MAX($AC$3:AC26)+1,"")) -> 24 | AD27: =IF($B27="","",IF(AND(OR(ABSENSI!$H$10="",$F27=ABSENSI!$H$10),OR(ABSENSI!$H$11="",$G27=ABSENSI!$H$11),OR(ABSENSI!$H$12="",$P27=ABSENSI!$H$12)),MAX($AD$3:AD26)+1,"")) -> 24 | AE27: =IF($B27="","",IF(AND(OR(KARTU!$K$6="",$F27=KARTU!$K$6),OR(KARTU!$K$7="",$G27=KARTU!$K$7),OR(KARTU!$K$8="",$P27=KARTU!$K$8)),MAX($AE$3:AE26)+1,"")) -> 24
A28: =IF($B28="","",COUNTA($B$4:$B28)) -> 25 | B28: EMIN (KOJEK) | F28: Kp. Wangkal | G28: 004 | H28: 006 | K28: Saiman | L28: Kadus 3 | M28: =IF($F28="","",$F28&IF($G28="",""," - RT "&$G28&IF($H28="","","/"&$H28))) -> Kp. Wangkal - RT 004/006 | N28: Anggota | R28: =IF(OR($B28="",$Q28=""),"",DATEDIF($Q28,TODAY(),"Y")) | S28: =IF($R28="","",INDEX(usia_label,MATCH($R28,usia_min,1))) | T28: Aktif | W28: asli: Emin/Kojek kp wangkal RT 04/06 | X28: =IF($M28="","",$M28&"#"&COUNTIF($M$4:$M28,$M28)) -> Kp. Wangkal - RT 004/006#4 | Y28: =IF($B28="","",IF($C28="","NIK kosong",IF(LEN($C28)<>16,"NIK bukan 16 digit",IF(COUNTIF($C$4:$C$2003,$C28&"*")>1,"NIK ganda",IF(AND($D28<>"",LEN($D28)<>16),"No. KK bukan 16 digit",IF(AND($F28="",$I28=""),"Alamat kosong",IF($N28="","Jabatan kosong",IF($O28="","No. HP kosong",IF(AND($R28<>"",$R28<17),"Usia di bawah 17",""))))))))) -> NIK kosong | Z28: =IF($B28="","",IF(AND(OR(CARI!$C$5="",ISNUMBER(SEARCH(CARI!$C$5,$B28&" "&$C28&" "&$D28&" "&$O28&" "&$I28&" "&$F28&" "&$J28&" "&$K28&" "&$L28&" "&$V28))),OR(CARI!$C$6="",$F28=CARI!$C$6),OR(CARI!$C$7="",$G28=CARI!$C$7),OR(CARI!$C$8="",$T28=CARI!$C$8)),MAX($Z$3:Z27)+1,"")) -> 25 | AA28: =IF($Y28="","",MAX($AA$3:AA27)+1) -> 25 | AB28: =IF($F28="","",$F28&"#"&COUNTIF($F$4:$F28,$F28)) -> Kp. Wangkal#6 | AC28: =IF($B28="","",IF(AND(OR(CETAK!$J$10="",$F28=CETAK!$J$10),OR(CETAK!$J$11="",$G28=CETAK!$J$11),OR(CETAK!$J$12="",$P28=CETAK!$J$12),OR(CETAK!$J$13="",$N28=CETAK!$J$13),OR(CETAK!$J$14="",$T28=CETAK!$J$14)),MAX($AC$3:AC27)+1,"")) -> 25 | AD28: =IF($B28="","",IF(AND(OR(ABSENSI!$H$10="",$F28=ABSENSI!$H$10),OR(ABSENSI!$H$11="",$G28=ABSENSI!$H$11),OR(ABSENSI!$H$12="",$P28=ABSENSI!$H$12)),MAX($AD$3:AD27)+1,"")) -> 25 | AE28: =IF($B28="","",IF(AND(OR(KARTU!$K$6="",$F28=KARTU!$K$6),OR(KARTU!$K$7="",$G28=KARTU!$K$7),OR(KARTU!$K$8="",$P28=KARTU!$K$8)),MAX($AE$3:AE27)+1,"")) -> 25
A29: =IF($B29="","",COUNTA($B$4:$B29)) -> 26 | B29: KET NALIH | F29: Kp. Wangkal | G29: 004 | H29: 006 | K29: Saiman | L29: Kadus 3 | M29: =IF($F29="","",$F29&IF($G29="",""," - RT "&$G29&IF($H29="","","/"&$H29))) -> Kp. Wangkal - RT 004/006 | N29: Anggota | R29: =IF(OR($B29="",$Q29=""),"",DATEDIF($Q29,TODAY(),"Y")) | S29: =IF($R29="","",INDEX(usia_label,MATCH($R29,usia_min,1))) | T29: Aktif | W29: asli: Ket Nalih kp wangkal RT 04/06 | X29: =IF($M29="","",$M29&"#"&COUNTIF($M$4:$M29,$M29)) -> Kp. Wangkal - RT 004/006#5 | Y29: =IF($B29="","",IF($C29="","NIK kosong",IF(LEN($C29)<>16,"NIK bukan 16 digit",IF(COUNTIF($C$4:$C$2003,$C29&"*")>1,"NIK ganda",IF(AND($D29<>"",LEN($D29)<>16),"No. KK bukan 16 digit",IF(AND($F29="",$I29=""),"Alamat kosong",IF($N29="","Jabatan kosong",IF($O29="","No. HP kosong",IF(AND($R29<>"",$R29<17),"Usia di bawah 17",""))))))))) -> NIK kosong | Z29: =IF($B29="","",IF(AND(OR(CARI!$C$5="",ISNUMBER(SEARCH(CARI!$C$5,$B29&" "&$C29&" "&$D29&" "&$O29&" "&$I29&" "&$F29&" "&$J29&" "&$K29&" "&$L29&" "&$V29))),OR(CARI!$C$6="",$F29=CARI!$C$6),OR(CARI!$C$7="",$G29=CARI!$C$7),OR(CARI!$C$8="",$T29=CARI!$C$8)),MAX($Z$3:Z28)+1,"")) -> 26 | AA29: =IF($Y29="","",MAX($AA$3:AA28)+1) -> 26 | AB29: =IF($F29="","",$F29&"#"&COUNTIF($F$4:$F29,$F29)) -> Kp. Wangkal#7 | AC29: =IF($B29="","",IF(AND(OR(CETAK!$J$10="",$F29=CETAK!$J$10),OR(CETAK!$J$11="",$G29=CETAK!$J$11),OR(CETAK!$J$12="",$P29=CETAK!$J$12),OR(CETAK!$J$13="",$N29=CETAK!$J$13),OR(CETAK!$J$14="",$T29=CETAK!$J$14)),MAX($AC$3:AC28)+1,"")) -> 26 | AD29: =IF($B29="","",IF(AND(OR(ABSENSI!$H$10="",$F29=ABSENSI!$H$10),OR(ABSENSI!$H$11="",$G29=ABSENSI!$H$11),OR(ABSENSI!$H$12="",$P29=ABSENSI!$H$12)),MAX($AD$3:AD28)+1,"")) -> 26 | AE29: =IF($B29="","",IF(AND(OR(KARTU!$K$6="",$F29=KARTU!$K$6),OR(KARTU!$K$7="",$G29=KARTU!$K$7),OR(KARTU!$K$8="",$P29=KARTU!$K$8)),MAX($AE$3:AE28)+1,"")) -> 26
A30: =IF($B30="","",COUNTA($B$4:$B30)) -> 27 | B30: FEI | G30: 004 | H30: 001 | K30: Maska | L30: Kadus 1 | M30: =IF($F30="","",$F30&IF($G30="",""," - RT "&$G30&IF($H30="","","/"&$H30))) | N30: Anggota | R30: =IF(OR($B30="",$Q30=""),"",DATEDIF($Q30,TODAY(),"Y")) | S30: =IF($R30="","",INDEX(usia_label,MATCH($R30,usia_min,1))) | T30: Aktif | W30: asli: Fei RT 004/001 | X30: =IF($M30="","",$M30&"#"&COUNTIF($M$4:$M30,$M30)) | Y30: =IF($B30="","",IF($C30="","NIK kosong",IF(LEN($C30)<>16,"NIK bukan 16 digit",IF(COUNTIF($C$4:$C$2003,$C30&"*")>1,"NIK ganda",IF(AND($D30<>"",LEN($D30)<>16),"No. KK bukan 16 digit",IF(AND($F30="",$I30=""),"Alamat kosong",IF($N30="","Jabatan kosong",IF($O30="","No. HP kosong",IF(AND($R30<>"",$R30<17),"Usia di bawah 17",""))))))))) -> NIK kosong | Z30: =IF($B30="","",IF(AND(OR(CARI!$C$5="",ISNUMBER(SEARCH(CARI!$C$5,$B30&" "&$C30&" "&$D30&" "&$O30&" "&$I30&" "&$F30&" "&$J30&" "&$K30&" "&$L30&" "&$V30))),OR(CARI!$C$6="",$F30=CARI!$C$6),OR(CARI!$C$7="",$G30=CARI!$C$7),OR(CARI!$C$8="",$T30=CARI!$C$8)),MAX($Z$3:Z29)+1,"")) -> 27 | AA30: =IF($Y30="","",MAX($AA$3:AA29)+1) -> 27 | AB30: =IF($F30="","",$F30&"#"&COUNTIF($F$4:$F30,$F30)) | AC30: =IF($B30="","",IF(AND(OR(CETAK!$J$10="",$F30=CETAK!$J$10),OR(CETAK!$J$11="",$G30=CETAK!$J$11),OR(CETAK!$J$12="",$P30=CETAK!$J$12),OR(CETAK!$J$13="",$N30=CETAK!$J$13),OR(CETAK!$J$14="",$T30=CETAK!$J$14)),MAX($AC$3:AC29)+1,"")) -> 27 | AD30: =IF($B30="","",IF(AND(OR(ABSENSI!$H$10="",$F30=ABSENSI!$H$10),OR(ABSENSI!$H$11="",$G30=ABSENSI!$H$11),OR(ABSENSI!$H$12="",$P30=ABSENSI!$H$12)),MAX($AD$3:AD29)+1,"")) -> 27 | AE30: =IF($B30="","",IF(AND(OR(KARTU!$K$6="",$F30=KARTU!$K$6),OR(KARTU!$K$7="",$G30=KARTU!$K$7),OR(KARTU!$K$8="",$P30=KARTU!$K$8)),MAX($AE$3:AE29)+1,"")) -> 27
A31: =IF($B31="","",COUNTA($B$4:$B31)) -> 28 | B31: AAL | F31: Kp. Kuda Kuda | G31: 004 | H31: 002 | J31: Onin | K31: Pasni | L31: Kadus 1 | M31: =IF($F31="","",$F31&IF($G31="",""," - RT "&$G31&IF($H31="","","/"&$H31))) -> Kp. Kuda Kuda - RT 004/002 | N31: Anggota | R31: =IF(OR($B31="",$Q31=""),"",DATEDIF($Q31,TODAY(),"Y")) | S31: =IF($R31="","",INDEX(usia_label,MATCH($R31,usia_min,1))) | T31: Aktif | W31: asli: Aal rt. 04/02 rt. Onin | X31: =IF($M31="","",$M31&"#"&COUNTIF($M$4:$M31,$M31)) -> Kp. Kuda Kuda - RT 004/002#1 | Y31: =IF($B31="","",IF($C31="","NIK kosong",IF(LEN($C31)<>16,"NIK bukan 16 digit",IF(COUNTIF($C$4:$C$2003,$C31&"*")>1,"NIK ganda",IF(AND($D31<>"",LEN($D31)<>16),"No. KK bukan 16 digit",IF(AND($F31="",$I31=""),"Alamat kosong",IF($N31="","Jabatan kosong",IF($O31="","No. HP kosong",IF(AND($R31<>"",$R31<17),"Usia di bawah 17",""))))))))) -> NIK kosong | Z31: =IF($B31="","",IF(AND(OR(CARI!$C$5="",ISNUMBER(SEARCH(CARI!$C$5,$B31&" "&$C31&" "&$D31&" "&$O31&" "&$I31&" "&$F31&" "&$J31&" "&$K31&" "&$L31&" "&$V31))),OR(CARI!$C$6="",$F31=CARI!$C$6),OR(CARI!$C$7="",$G31=CARI!$C$7),OR(CARI!$C$8="",$T31=CARI!$C$8)),MAX($Z$3:Z30)+1,"")) -> 28 | AA31: =IF($Y31="","",MAX($AA$3:AA30)+1) -> 28 | AB31: =IF($F31="","",$F31&"#"&COUNTIF($F$4:$F31,$F31)) -> Kp. Kuda Kuda#6 | AC31: =IF($B31="","",IF(AND(OR(CETAK!$J$10="",$F31=CETAK!$J$10),OR(CETAK!$J$11="",$G31=CETAK!$J$11),OR(CETAK!$J$12="",$P31=CETAK!$J$12),OR(CETAK!$J$13="",$N31=CETAK!$J$13),OR(CETAK!$J$14="",$T31=CETAK!$J$14)),MAX($AC$3:AC30)+1,"")) -> 28 | AD31: =IF($B31="","",IF(AND(OR(ABSENSI!$H$10="",$F31=ABSENSI!$H$10),OR(ABSENSI!$H$11="",$G31=ABSENSI!$H$11),OR(ABSENSI!$H$12="",$P31=ABSENSI!$H$12)),MAX($AD$3:AD30)+1,"")) -> 28 | AE31: =IF($B31="","",IF(AND(OR(KARTU!$K$6="",$F31=KARTU!$K$6),OR(KARTU!$K$7="",$G31=KARTU!$K$7),OR(KARTU!$K$8="",$P31=KARTU!$K$8)),MAX($AE$3:AE30)+1,"")) -> 28
A32: =IF($B32="","",COUNTA($B$4:$B32)) -> 29 | B32: OMAN | G32: 003 | H32: 002 | K32: Pasni | L32: Kadus 1 | M32: =IF($F32="","",$F32&IF($G32="",""," - RT "&$G32&IF($H32="","","/"&$H32))) | N32: Anggota | R32: =IF(OR($B32="",$Q32=""),"",DATEDIF($Q32,TODAY(),"Y")) | S32: =IF($R32="","",INDEX(usia_label,MATCH($R32,usia_min,1))) | T32: Aktif | W32: asli: Oman RT. 003/002 | X32: =IF($M32="","",$M32&"#"&COUNTIF($M$4:$M32,$M32)) | Y32: =IF($B32="","",IF($C32="","NIK kosong",IF(LEN($C32)<>16,"NIK bukan 16 digit",IF(COUNTIF($C$4:$C$2003,$C32&"*")>1,"NIK ganda",IF(AND($D32<>"",LEN($D32)<>16),"No. KK bukan 16 digit",IF(AND($F32="",$I32=""),"Alamat kosong",IF($N32="","Jabatan kosong",IF($O32="","No. HP kosong",IF(AND($R32<>"",$R32<17),"Usia di bawah 17",""))))))))) -> NIK kosong | Z32: =IF($B32="","",IF(AND(OR(CARI!$C$5="",ISNUMBER(SEARCH(CARI!$C$5,$B32&" "&$C32&" "&$D32&" "&$O32&" "&$I32&" "&$F32&" "&$J32&" "&$K32&" "&$L32&" "&$V32))),OR(CARI!$C$6="",$F32=CARI!$C$6),OR(CARI!$C$7="",$G32=CARI!$C$7),OR(CARI!$C$8="",$T32=CARI!$C$8)),MAX($Z$3:Z31)+1,"")) -> 29 | AA32: =IF($Y32="","",MAX($AA$3:AA31)+1) -> 29 | AB32: =IF($F32="","",$F32&"#"&COUNTIF($F$4:$F32,$F32)) | AC32: =IF($B32="","",IF(AND(OR(CETAK!$J$10="",$F32=CETAK!$J$10),OR(CETAK!$J$11="",$G32=CETAK!$J$11),OR(CETAK!$J$12="",$P32=CETAK!$J$12),OR(CETAK!$J$13="",$N32=CETAK!$J$13),OR(CETAK!$J$14="",$T32=CETAK!$J$14)),MAX($AC$3:AC31)+1,"")) -> 29 | AD32: =IF($B32="","",IF(AND(OR(ABSENSI!$H$10="",$F32=ABSENSI!$H$10),OR(ABSENSI!$H$11="",$G32=ABSENSI!$H$11),OR(ABSENSI!$H$12="",$P32=ABSENSI!$H$12)),MAX($AD$3:AD31)+1,"")) -> 29 | AE32: =IF($B32="","",IF(AND(OR(KARTU!$K$6="",$F32=KARTU!$K$6),OR(KARTU!$K$7="",$G32=KARTU!$K$7),OR(KARTU!$K$8="",$P32=KARTU!$K$8)),MAX($AE$3:AE31)+1,"")) -> 29
A33: =IF($B33="","",COUNTA($B$4:$B33)) -> 30 | B33: WACEP ACENK | G33: 003 | H33: 003 | K33: Sutejo | L33: Kadus 2 | M33: =IF($F33="","",$F33&IF($G33="",""," - RT "&$G33&IF($H33="","","/"&$H33))) | N33: Anggota | R33: =IF(OR($B33="",$Q33=""),"",DATEDIF($Q33,TODAY(),"Y")) | S33: =IF($R33="","",INDEX(usia_label,MATCH($R33,usia_min,1))) | T33: Aktif | W33: asli: Wacep Acenk RT. 003/003 | X33: =IF($M33="","",$M33&"#"&COUNTIF($M$4:$M33,$M33)) | Y33: =IF($B33="","",IF($C33="","NIK kosong",IF(LEN($C33)<>16,"NIK bukan 16 digit",IF(COUNTIF($C$4:$C$2003,$C33&"*")>1,"NIK ganda",IF(AND($D33<>"",LEN($D33)<>16),"No. KK bukan 16 digit",IF(AND($F33="",$I33=""),"Alamat kosong",IF($N33="","Jabatan kosong",IF($O33="","No. HP kosong",IF(AND($R33<>"",$R33<17),"Usia di bawah 17",""))))))))) -> NIK kosong | Z33: =IF($B33="","",IF(AND(OR(CARI!$C$5="",ISNUMBER(SEARCH(CARI!$C$5,$B33&" "&$C33&" "&$D33&" "&$O33&" "&$I33&" "&$F33&" "&$J33&" "&$K33&" "&$L33&" "&$V33))),OR(CARI!$C$6="",$F33=CARI!$C$6),OR(CARI!$C$7="",$G33=CARI!$C$7),OR(CARI!$C$8="",$T33=CARI!$C$8)),MAX($Z$3:Z32)+1,"")) -> 30 | AA33: =IF($Y33="","",MAX($AA$3:AA32)+1) -> 30 | AB33: =IF($F33="","",$F33&"#"&COUNTIF($F$4:$F33,$F33)) | AC33: =IF($B33="","",IF(AND(OR(CETAK!$J$10="",$F33=CETAK!$J$10),OR(CETAK!$J$11="",$G33=CETAK!$J$11),OR(CETAK!$J$12="",$P33=CETAK!$J$12),OR(CETAK!$J$13="",$N33=CETAK!$J$13),OR(CETAK!$J$14="",$T33=CETAK!$J$14)),MAX($AC$3:AC32)+1,"")) -> 30 | AD33: =IF($B33="","",IF(AND(OR(ABSENSI!$H$10="",$F33=ABSENSI!$H$10),OR(ABSENSI!$H$11="",$G33=ABSENSI!$H$11),OR(ABSENSI!$H$12="",$P33=ABSENSI!$H$12)),MAX($AD$3:AD32)+1,"")) -> 30 | AE33: =IF($B33="","",IF(AND(OR(KARTU!$K$6="",$F33=KARTU!$K$6),OR(KARTU!$K$7="",$G33=KARTU!$K$7),OR(KARTU!$K$8="",$P33=KARTU!$K$8)),MAX($AE$3:AE32)+1,"")) -> 30
A34: =IF($B34="","",COUNTA($B$4:$B34)) -> 31 | B34: A. AZIZ MAULANA | G34: 002 | H34: 002 | K34: Pasni | L34: Kadus 1 | M34: =IF($F34="","",$F34&IF($G34="",""," - RT "&$G34&IF($H34="","","/"&$H34))) | N34: Anggota | R34: =IF(OR($B34="",$Q34=""),"",DATEDIF($Q34,TODAY(),"Y")) | S34: =IF($R34="","",INDEX(usia_label,MATCH($R34,usia_min,1))) | T34: Aktif | W34: asli: A. Aziz Maulana RT. 002/002 | X34: =IF($M34="","",$M34&"#"&COUNTIF($M$4:$M34,$M34)) | Y34: =IF($B34="","",IF($C34="","NIK kosong",IF(LEN($C34)<>16,"NIK bukan 16 digit",IF(COUNTIF($C$4:$C$2003,$C34&"*")>1,"NIK ganda",IF(AND($D34<>"",LEN($D34)<>16),"No. KK bukan 16 digit",IF(AND($F34="",$I34=""),"Alamat kosong",IF($N34="","Jabatan kosong",IF($O34="","No. HP kosong",IF(AND($R34<>"",$R34<17),"Usia di bawah 17",""))))))))) -> NIK kosong | Z34: =IF($B34="","",IF(AND(OR(CARI!$C$5="",ISNUMBER(SEARCH(CARI!$C$5,$B34&" "&$C34&" "&$D34&" "&$O34&" "&$I34&" "&$F34&" "&$J34&" "&$K34&" "&$L34&" "&$V34))),OR(CARI!$C$6="",$F34=CARI!$C$6),OR(CARI!$C$7="",$G34=CARI!$C$7),OR(CARI!$C$8="",$T34=CARI!$C$8)),MAX($Z$3:Z33)+1,"")) -> 31 | AA34: =IF($Y34="","",MAX($AA$3:AA33)+1) -> 31 | AB34: =IF($F34="","",$F34&"#"&COUNTIF($F$4:$F34,$F34)) | AC34: =IF($B34="","",IF(AND(OR(CETAK!$J$10="",$F34=CETAK!$J$10),OR(CETAK!$J$11="",$G34=CETAK!$J$11),OR(CETAK!$J$12="",$P34=CETAK!$J$12),OR(CETAK!$J$13="",$N34=CETAK!$J$13),OR(CETAK!$J$14="",$T34=CETAK!$J$14)),MAX($AC$3:AC33)+1,"")) -> 31 | AD34: =IF($B34="","",IF(AND(OR(ABSENSI!$H$10="",$F34=ABSENSI!$H$10),OR(ABSENSI!$H$11="",$G34=ABSENSI!$H$11),OR(ABSENSI!$H$12="",$P34=ABSENSI!$H$12)),MAX($AD$3:AD33)+1,"")) -> 31 | AE34: =IF($B34="","",IF(AND(OR(KARTU!$K$6="",$F34=KARTU!$K$6),OR(KARTU!$K$7="",$G34=KARTU!$K$7),OR(KARTU!$K$8="",$P34=KARTU!$K$8)),MAX($AE$3:AE33)+1,"")) -> 31
A35: =IF($B35="","",COUNTA($B$4:$B35)) -> 32 | B35: MARKUM | L35: Kadus 3 | M35: =IF($F35="","",$F35&IF($G35="",""," - RT "&$G35&IF($H35="","","/"&$H35))) | N35: Kadus | R35: =IF(OR($B35="",$Q35=""),"",DATEDIF($Q35,TODAY(),"Y")) | S35: =IF($R35="","",INDEX(usia_label,MATCH($R35,usia_min,1))) | T35: Aktif | W35: asli: Kadus MARKUM Dusun 3 | X35: =IF($M35="","",$M35&"#"&COUNTIF($M$4:$M35,$M35)) | Y35: =IF($B35="","",IF($C35="","NIK kosong",IF(LEN($C35)<>16,"NIK bukan 16 digit",IF(COUNTIF($C$4:$C$2003,$C35&"*")>1,"NIK ganda",IF(AND($D35<>"",LEN($D35)<>16),"No. KK bukan 16 digit",IF(AND($F35="",$I35=""),"Alamat kosong",IF($N35="","Jabatan kosong",IF($O35="","No. HP kosong",IF(AND($R35<>"",$R35<17),"Usia di bawah 17",""))))))))) -> NIK kosong | Z35: =IF($B35="","",IF(AND(OR(CARI!$C$5="",ISNUMBER(SEARCH(CARI!$C$5,$B35&" "&$C35&" "&$D35&" "&$O35&" "&$I35&" "&$F35&" "&$J35&" "&$K35&" "&$L35&" "&$V35))),OR(CARI!$C$6="",$F35=CARI!$C$6),OR(CARI!$C$7="",$G35=CARI!$C$7),OR(CARI!$C$8="",$T35=CARI!$C$8)),MAX($Z$3:Z34)+1,"")) -> 32 | AA35: =IF($Y35="","",MAX($AA$3:AA34)+1) -> 32 | AB35: =IF($F35="","",$F35&"#"&COUNTIF($F$4:$F35,$F35)) | AC35: =IF($B35="","",IF(AND(OR(CETAK!$J$10="",$F35=CETAK!$J$10),OR(CETAK!$J$11="",$G35=CETAK!$J$11),OR(CETAK!$J$12="",$P35=CETAK!$J$12),OR(CETAK!$J$13="",$N35=CETAK!$J$13),OR(CETAK!$J$14="",$T35=CETAK!$J$14)),MAX($AC$3:AC34)+1,"")) -> 32 | AD35: =IF($B35="","",IF(AND(OR(ABSENSI!$H$10="",$F35=ABSENSI!$H$10),OR(ABSENSI!$H$11="",$G35=ABSENSI!$H$11),OR(ABSENSI!$H$12="",$P35=ABSENSI!$H$12)),MAX($AD$3:AD34)+1,"")) -> 32 | AE35: =IF($B35="","",IF(AND(OR(KARTU!$K$6="",$F35=KARTU!$K$6),OR(KARTU!$K$7="",$G35=KARTU!$K$7),OR(KARTU!$K$8="",$P35=KARTU!$K$8)),MAX($AE$3:AE34)+1,"")) -> 32
A36: =IF($B36="","",COUNTA($B$4:$B36)) -> 33 | B36: ANAH | F36: Kp. Kuda Kuda | G36: 004 | H36: 002 | J36: Onin | K36: Pasni | L36: Kadus 1 | M36: =IF($F36="","",$F36&IF($G36="",""," - RT "&$G36&IF($H36="","","/"&$H36))) -> Kp. Kuda Kuda - RT 004/002 | N36: Anggota | R36: =IF(OR($B36="",$Q36=""),"",DATEDIF($Q36,TODAY(),"Y")) | S36: =IF($R36="","",INDEX(usia_label,MATCH($R36,usia_min,1))) | T36: Aktif | W36: asli: Anah RT.04/02 .RT onin | X36: =IF($M36="","",$M36&"#"&COUNTIF($M$4:$M36,$M36)) -> Kp. Kuda Kuda - RT 004/002#2 | Y36: =IF($B36="","",IF($C36="","NIK kosong",IF(LEN($C36)<>16,"NIK bukan 16 digit",IF(COUNTIF($C$4:$C$2003,$C36&"*")>1,"NIK ganda",IF(AND($D36<>"",LEN($D36)<>16),"No. KK bukan 16 digit",IF(AND($F36="",$I36=""),"Alamat kosong",IF($N36="","Jabatan kosong",IF($O36="","No. HP kosong",IF(AND($R36<>"",$R36<17),"Usia di bawah 17",""))))))))) -> NIK kosong | Z36: =IF($B36="","",IF(AND(OR(CARI!$C$5="",ISNUMBER(SEARCH(CARI!$C$5,$B36&" "&$C36&" "&$D36&" "&$O36&" "&$I36&" "&$F36&" "&$J36&" "&$K36&" "&$L36&" "&$V36))),OR(CARI!$C$6="",$F36=CARI!$C$6),OR(CARI!$C$7="",$G36=CARI!$C$7),OR(CARI!$C$8="",$T36=CARI!$C$8)),MAX($Z$3:Z35)+1,"")) -> 33 | AA36: =IF($Y36="","",MAX($AA$3:AA35)+1) -> 33 | AB36: =IF($F36="","",$F36&"#"&COUNTIF($F$4:$F36,$F36)) -> Kp. Kuda Kuda#7 | AC36: =IF($B36="","",IF(AND(OR(CETAK!$J$10="",$F36=CETAK!$J$10),OR(CETAK!$J$11="",$G36=CETAK!$J$11),OR(CETAK!$J$12="",$P36=CETAK!$J$12),OR(CETAK!$J$13="",$N36=CETAK!$J$13),OR(CETAK!$J$14="",$T36=CETAK!$J$14)),MAX($AC$3:AC35)+1,"")) -> 33 | AD36: =IF($B36="","",IF(AND(OR(ABSENSI!$H$10="",$F36=ABSENSI!$H$10),OR(ABSENSI!$H$11="",$G36=ABSENSI!$H$11),OR(ABSENSI!$H$12="",$P36=ABSENSI!$H$12)),MAX($AD$3:AD35)+1,"")) -> 33 | AE36: =IF($B36="","",IF(AND(OR(KARTU!$K$6="",$F36=KARTU!$K$6),OR(KARTU!$K$7="",$G36=KARTU!$K$7),OR(KARTU!$K$8="",$P36=KARTU!$K$8)),MAX($AE$3:AE35)+1,"")) -> 33
A37: =IF($B37="","",COUNTA($B$4:$B37)) -> 34 | B37: SUGENG | F37: Kp. Kuda Kuda | G37: 004 | H37: 002 | J37: Onin | K37: Pasni | L37: Kadus 1 | M37: =IF($F37="","",$F37&IF($G37="",""," - RT "&$G37&IF($H37="","","/"&$H37))) -> Kp. Kuda Kuda - RT 004/002 | N37: Anggota | R37: =IF(OR($B37="",$Q37=""),"",DATEDIF($Q37,TODAY(),"Y")) | S37: =IF($R37="","",INDEX(usia_label,MATCH($R37,usia_min,1))) | T37: Aktif | W37: asli: Sugeng RT.04/02.rt onin | X37: =IF($M37="","",$M37&"#"&COUNTIF($M$4:$M37,$M37)) -> Kp. Kuda Kuda - RT 004/002#3 | Y37: =IF($B37="","",IF($C37="","NIK kosong",IF(LEN($C37)<>16,"NIK bukan 16 digit",IF(COUNTIF($C$4:$C$2003,$C37&"*")>1,"NIK ganda",IF(AND($D37<>"",LEN($D37)<>16),"No. KK bukan 16 digit",IF(AND($F37="",$I37=""),"Alamat kosong",IF($N37="","Jabatan kosong",IF($O37="","No. HP kosong",IF(AND($R37<>"",$R37<17),"Usia di bawah 17",""))))))))) -> NIK kosong | Z37: =IF($B37="","",IF(AND(OR(CARI!$C$5="",ISNUMBER(SEARCH(CARI!$C$5,$B37&" "&$C37&" "&$D37&" "&$O37&" "&$I37&" "&$F37&" "&$J37&" "&$K37&" "&$L37&" "&$V37))),OR(CARI!$C$6="",$F37=CARI!$C$6),OR(CARI!$C$7="",$G37=CARI!$C$7),OR(CARI!$C$8="",$T37=CARI!$C$8)),MAX($Z$3:Z36)+1,"")) -> 34 | AA37: =IF($Y37="","",MAX($AA$3:AA36)+1) -> 34 | AB37: =IF($F37="","",$F37&"#"&COUNTIF($F$4:$F37,$F37)) -> Kp. Kuda Kuda#8 | AC37: =IF($B37="","",IF(AND(OR(CETAK!$J$10="",$F37=CETAK!$J$10),OR(CETAK!$J$11="",$G37=CETAK!$J$11),OR(CETAK!$J$12="",$P37=CETAK!$J$12),OR(CETAK!$J$13="",$N37=CETAK!$J$13),OR(CETAK!$J$14="",$T37=CETAK!$J$14)),MAX($AC$3:AC36)+1,"")) -> 34 | AD37: =IF($B37="","",IF(AND(OR(ABSENSI!$H$10="",$F37=ABSENSI!$H$10),OR(ABSENSI!$H$11="",$G37=ABSENSI!$H$11),OR(ABSENSI!$H$12="",$P37=ABSENSI!$H$12)),MAX($AD$3:AD36)+1,"")) -> 34 | AE37: =IF($B37="","",IF(AND(OR(KARTU!$K$6="",$F37=KARTU!$K$6),OR(KARTU!$K$7="",$G37=KARTU!$K$7),OR(KARTU!$K$8="",$P37=KARTU!$K$8)),MAX($AE$3:AE36)+1,"")) -> 34
A38: =IF($B38="","",COUNTA($B$4:$B38)) -> 35 | B38: YUSRON EFENDI | F38: Kp. Kuda Kuda | G38: 003 | H38: 001 | J38: Basir | K38: Maska | L38: Kadus 1 | M38: =IF($F38="","",$F38&IF($G38="",""," - RT "&$G38&IF($H38="","","/"&$H38))) -> Kp. Kuda Kuda - RT 003/001 | N38: Anggota | R38: =IF(OR($B38="",$Q38=""),"",DATEDIF($Q38,TODAY(),"Y")) | S38: =IF($R38="","",INDEX(usia_label,MATCH($R38,usia_min,1))) | T38: Aktif | W38: asli: Yusron Efendi Kp Kuda2 003/001 Bpk RT. Basir | X38: =IF($M38="","",$M38&"#"&COUNTIF($M$4:$M38,$M38)) -> Kp. Kuda Kuda - RT 003/001#2 | Y38: =IF($B38="","",IF($C38="","NIK kosong",IF(LEN($C38)<>16,"NIK bukan 16 digit",IF(COUNTIF($C$4:$C$2003,$C38&"*")>1,"NIK ganda",IF(AND($D38<>"",LEN($D38)<>16),"No. KK bukan 16 digit",IF(AND($F38="",$I38=""),"Alamat kosong",IF($N38="","Jabatan kosong",IF($O38="","No. HP kosong",IF(AND($R38<>"",$R38<17),"Usia di bawah 17",""))))))))) -> NIK kosong | Z38: =IF($B38="","",IF(AND(OR(CARI!$C$5="",ISNUMBER(SEARCH(CARI!$C$5,$B38&" "&$C38&" "&$D38&" "&$O38&" "&$I38&" "&$F38&" "&$J38&" "&$K38&" "&$L38&" "&$V38))),OR(CARI!$C$6="",$F38=CARI!$C$6),OR(CARI!$C$7="",$G38=CARI!$C$7),OR(CARI!$C$8="",$T38=CARI!$C$8)),MAX($Z$3:Z37)+1,"")) -> 35 | AA38: =IF($Y38="","",MAX($AA$3:AA37)+1) -> 35 | AB38: =IF($F38="","",$F38&"#"&COUNTIF($F$4:$F38,$F38)) -> Kp. Kuda Kuda#9 | AC38: =IF($B38="","",IF(AND(OR(CETAK!$J$10="",$F38=CETAK!$J$10),OR(CETAK!$J$11="",$G38=CETAK!$J$11),OR(CETAK!$J$12="",$P38=CETAK!$J$12),OR(CETAK!$J$13="",$N38=CETAK!$J$13),OR(CETAK!$J$14="",$T38=CETAK!$J$14)),MAX($AC$3:AC37)+1,"")) -> 35 | AD38: =IF($B38="","",IF(AND(OR(ABSENSI!$H$10="",$F38=ABSENSI!$H$10),OR(ABSENSI!$H$11="",$G38=ABSENSI!$H$11),OR(ABSENSI!$H$12="",$P38=ABSENSI!$H$12)),MAX($AD$3:AD37)+1,"")) -> 35 | AE38: =IF($B38="","",IF(AND(OR(KARTU!$K$6="",$F38=KARTU!$K$6),OR(KARTU!$K$7="",$G38=KARTU!$K$7),OR(KARTU!$K$8="",$P38=KARTU!$K$8)),MAX($AE$3:AE37)+1,"")) -> 35
A39: =IF($B39="","",COUNTA($B$4:$B39)) -> 36 | B39: SLAMET | G39: 005 | H39: 002 | K39: Pasni | L39: Kadus 1 | M39: =IF($F39="","",$F39&IF($G39="",""," - RT "&$G39&IF($H39="","","/"&$H39))) | N39: Anggota | R39: =IF(OR($B39="",$Q39=""),"",DATEDIF($Q39,TODAY(),"Y")) | S39: =IF($R39="","",INDEX(usia_label,MATCH($R39,usia_min,1))) | T39: Aktif | W39: asli: Slamet RT. 005/002 gy | X39: =IF($M39="","",$M39&"#"&COUNTIF($M$4:$M39,$M39)) | Y39: =IF($B39="","",IF($C39="","NIK kosong",IF(LEN($C39)<>16,"NIK bukan 16 digit",IF(COUNTIF($C$4:$C$2003,$C39&"*")>1,"NIK ganda",IF(AND($D39<>"",LEN($D39)<>16),"No. KK bukan 16 digit",IF(AND($F39="",$I39=""),"Alamat kosong",IF($N39="","Jabatan kosong",IF($O39="","No. HP kosong",IF(AND($R39<>"",$R39<17),"Usia di bawah 17",""))))))))) -> NIK kosong | Z39: =IF($B39="","",IF(AND(OR(CARI!$C$5="",ISNUMBER(SEARCH(CARI!$C$5,$B39&" "&$C39&" "&$D39&" "&$O39&" "&$I39&" "&$F39&" "&$J39&" "&$K39&" "&$L39&" "&$V39))),OR(CARI!$C$6="",$F39=CARI!$C$6),OR(CARI!$C$7="",$G39=CARI!$C$7),OR(CARI!$C$8="",$T39=CARI!$C$8)),MAX($Z$3:Z38)+1,"")) -> 36 | AA39: =IF($Y39="","",MAX($AA$3:AA38)+1) -> 36 | AB39: =IF($F39="","",$F39&"#"&COUNTIF($F$4:$F39,$F39)) | AC39: =IF($B39="","",IF(AND(OR(CETAK!$J$10="",$F39=CETAK!$J$10),OR(CETAK!$J$11="",$G39=CETAK!$J$11),OR(CETAK!$J$12="",$P39=CETAK!$J$12),OR(CETAK!$J$13="",$N39=CETAK!$J$13),OR(CETAK!$J$14="",$T39=CETAK!$J$14)),MAX($AC$3:AC38)+1,"")) -> 36 | AD39: =IF($B39="","",IF(AND(OR(ABSENSI!$H$10="",$F39=ABSENSI!$H$10),OR(ABSENSI!$H$11="",$G39=ABSENSI!$H$11),OR(ABSENSI!$H$12="",$P39=ABSENSI!$H$12)),MAX($AD$3:AD38)+1,"")) -> 36 | AE39: =IF($B39="","",IF(AND(OR(KARTU!$K$6="",$F39=KARTU!$K$6),OR(KARTU!$K$7="",$G39=KARTU!$K$7),OR(KARTU!$K$8="",$P39=KARTU!$K$8)),MAX($AE$3:AE38)+1,"")) -> 36
A40: =IF($B40="","",COUNTA($B$4:$B40)) -> 37 | B40: MUMUN MULYASAROH | G40: 004 | H40: 002 | K40: Pasni | L40: Kadus 1 | M40: =IF($F40="","",$F40&IF($G40="",""," - RT "&$G40&IF($H40="","","/"&$H40))) | N40: Anggota | R40: =IF(OR($B40="",$Q40=""),"",DATEDIF($Q40,TODAY(),"Y")) | S40: =IF($R40="","",INDEX(usia_label,MATCH($R40,usia_min,1))) | T40: Aktif | W40: asli: Mumun mulyasaroh rt04/02 | X40: =IF($M40="","",$M40&"#"&COUNTIF($M$4:$M40,$M40)) | Y40: =IF($B40="","",IF($C40="","NIK kosong",IF(LEN($C40)<>16,"NIK bukan 16 digit",IF(COUNTIF($C$4:$C$2003,$C40&"*")>1,"NIK ganda",IF(AND($D40<>"",LEN($D40)<>16),"No. KK bukan 16 digit",IF(AND($F40="",$I40=""),"Alamat kosong",IF($N40="","Jabatan kosong",IF($O40="","No. HP kosong",IF(AND($R40<>"",$R40<17),"Usia di bawah 17",""))))))))) -> NIK kosong | Z40: =IF($B40="","",IF(AND(OR(CARI!$C$5="",ISNUMBER(SEARCH(CARI!$C$5,$B40&" "&$C40&" "&$D40&" "&$O40&" "&$I40&" "&$F40&" "&$J40&" "&$K40&" "&$L40&" "&$V40))),OR(CARI!$C$6="",$F40=CARI!$C$6),OR(CARI!$C$7="",$G40=CARI!$C$7),OR(CARI!$C$8="",$T40=CARI!$C$8)),MAX($Z$3:Z39)+1,"")) -> 37 | AA40: =IF($Y40="","",MAX($AA$3:AA39)+1) -> 37 | AB40: =IF($F40="","",$F40&"#"&COUNTIF($F$4:$F40,$F40)) | AC40: =IF($B40="","",IF(AND(OR(CETAK!$J$10="",$F40=CETAK!$J$10),OR(CETAK!$J$11="",$G40=CETAK!$J$11),OR(CETAK!$J$12="",$P40=CETAK!$J$12),OR(CETAK!$J$13="",$N40=CETAK!$J$13),OR(CETAK!$J$14="",$T40=CETAK!$J$14)),MAX($AC$3:AC39)+1,"")) -> 37 | AD40: =IF($B40="","",IF(AND(OR(ABSENSI!$H$10="",$F40=ABSENSI!$H$10),OR(ABSENSI!$H$11="",$G40=ABSENSI!$H$11),OR(ABSENSI!$H$12="",$P40=ABSENSI!$H$12)),MAX($AD$3:AD39)+1,"")) -> 37 | AE40: =IF($B40="","",IF(AND(OR(KARTU!$K$6="",$F40=KARTU!$K$6),OR(KARTU!$K$7="",$G40=KARTU!$K$7),OR(KARTU!$K$8="",$P40=KARTU!$K$8)),MAX($AE$3:AE39)+1,"")) -> 37
A41: =IF($B41="","",COUNTA($B$4:$B41)) -> 38 | B41: SUFI NURFAZRI (JAPUT) | M41: =IF($F41="","",$F41&IF($G41="",""," - RT "&$G41&IF($H41="","","/"&$H41))) | N41: Anggota | R41: =IF(OR($B41="",$Q41=""),"",DATEDIF($Q41,TODAY(),"Y")) | S41: =IF($R41="","",INDEX(usia_label,MATCH($R41,usia_min,1))) | T41: Aktif | W41: asli: Sufi Nurfazri/Japut | X41: =IF($M41="","",$M41&"#"&COUNTIF($M$4:$M41,$M41)) | Y41: =IF($B41="","",IF($C41="","NIK kosong",IF(LEN($C41)<>16,"NIK bukan 16 digit",IF(COUNTIF($C$4:$C$2003,$C41&"*")>1,"NIK ganda",IF(AND($D41<>"",LEN($D41)<>16),"No. KK bukan 16 digit",IF(AND($F41="",$I41=""),"Alamat kosong",IF($N41="","Jabatan kosong",IF($O41="","No. HP kosong",IF(AND($R41<>"",$R41<17),"Usia di bawah 17",""))))))))) -> NIK kosong | Z41: =IF($B41="","",IF(AND(OR(CARI!$C$5="",ISNUMBER(SEARCH(CARI!$C$5,$B41&" "&$C41&" "&$D41&" "&$O41&" "&$I41&" "&$F41&" "&$J41&" "&$K41&" "&$L41&" "&$V41))),OR(CARI!$C$6="",$F41=CARI!$C$6),OR(CARI!$C$7="",$G41=CARI!$C$7),OR(CARI!$C$8="",$T41=CARI!$C$8)),MAX($Z$3:Z40)+1,"")) -> 38 | AA41: =IF($Y41="","",MAX($AA$3:AA40)+1) -> 38 | AB41: =IF($F41="","",$F41&"#"&COUNTIF($F$4:$F41,$F41)) | AC41: =IF($B41="","",IF(AND(OR(CETAK!$J$10="",$F41=CETAK!$J$10),OR(CETAK!$J$11="",$G41=CETAK!$J$11),OR(CETAK!$J$12="",$P41=CETAK!$J$12),OR(CETAK!$J$13="",$N41=CETAK!$J$13),OR(CETAK!$J$14="",$T41=CETAK!$J$14)),MAX($AC$3:AC40)+1,"")) -> 38 | AD41: =IF($B41="","",IF(AND(OR(ABSENSI!$H$10="",$F41=ABSENSI!$H$10),OR(ABSENSI!$H$11="",$G41=ABSENSI!$H$11),OR(ABSENSI!$H$12="",$P41=ABSENSI!$H$12)),MAX($AD$3:AD40)+1,"")) -> 38 | AE41: =IF($B41="","",IF(AND(OR(KARTU!$K$6="",$F41=KARTU!$K$6),OR(KARTU!$K$7="",$G41=KARTU!$K$7),OR(KARTU!$K$8="",$P41=KARTU!$K$8)),MAX($AE$3:AE40)+1,"")) -> 38
A42: =IF($B42="","",COUNTA($B$4:$B42)) -> 39 | B42: DEDE PARIDA | M42: =IF($F42="","",$F42&IF($G42="",""," - RT "&$G42&IF($H42="","","/"&$H42))) | N42: Anggota | R42: =IF(OR($B42="",$Q42=""),"",DATEDIF($Q42,TODAY(),"Y")) | S42: =IF($R42="","",INDEX(usia_label,MATCH($R42,usia_min,1))) | T42: Aktif | W42: asli: Dede Parida | X42: =IF($M42="","",$M42&"#"&COUNTIF($M$4:$M42,$M42)) | Y42: =IF($B42="","",IF($C42="","NIK kosong",IF(LEN($C42)<>16,"NIK bukan 16 digit",IF(COUNTIF($C$4:$C$2003,$C42&"*")>1,"NIK ganda",IF(AND($D42<>"",LEN($D42)<>16),"No. KK bukan 16 digit",IF(AND($F42="",$I42=""),"Alamat kosong",IF($N42="","Jabatan kosong",IF($O42="","No. HP kosong",IF(AND($R42<>"",$R42<17),"Usia di bawah 17",""))))))))) -> NIK kosong | Z42: =IF($B42="","",IF(AND(OR(CARI!$C$5="",ISNUMBER(SEARCH(CARI!$C$5,$B42&" "&$C42&" "&$D42&" "&$O42&" "&$I42&" "&$F42&" "&$J42&" "&$K42&" "&$L42&" "&$V42))),OR(CARI!$C$6="",$F42=CARI!$C$6),OR(CARI!$C$7="",$G42=CARI!$C$7),OR(CARI!$C$8="",$T42=CARI!$C$8)),MAX($Z$3:Z41)+1,"")) -> 39 | AA42: =IF($Y42="","",MAX($AA$3:AA41)+1) -> 39 | AB42: =IF($F42="","",$F42&"#"&COUNTIF($F$4:$F42,$F42)) | AC42: =IF($B42="","",IF(AND(OR(CETAK!$J$10="",$F42=CETAK!$J$10),OR(CETAK!$J$11="",$G42=CETAK!$J$11),OR(CETAK!$J$12="",$P42=CETAK!$J$12),OR(CETAK!$J$13="",$N42=CETAK!$J$13),OR(CETAK!$J$14="",$T42=CETAK!$J$14)),MAX($AC$3:AC41)+1,"")) -> 39 | AD42: =IF($B42="","",IF(AND(OR(ABSENSI!$H$10="",$F42=ABSENSI!$H$10),OR(ABSENSI!$H$11="",$G42=ABSENSI!$H$11),OR(ABSENSI!$H$12="",$P42=ABSENSI!$H$12)),MAX($AD$3:AD41)+1,"")) -> 39 | AE42: =IF($B42="","",IF(AND(OR(KARTU!$K$6="",$F42=KARTU!$K$6),OR(KARTU!$K$7="",$G42=KARTU!$K$7),OR(KARTU!$K$8="",$P42=KARTU!$K$8)),MAX($AE$3:AE41)+1,"")) -> 39
A43: =IF($B43="","",COUNTA($B$4:$B43)) -> 40 | B43: HENDRA | F43: Kp. Gamprit | G43: 004 | H43: 004 | K43: Ilyas | L43: Kadus 2 | M43: =IF($F43="","",$F43&IF($G43="",""," - RT "&$G43&IF($H43="","","/"&$H43))) -> Kp. Gamprit - RT 004/004 | N43: Anggota | R43: =IF(OR($B43="",$Q43=""),"",DATEDIF($Q43,TODAY(),"Y")) | S43: =IF($R43="","",INDEX(usia_label,MATCH($R43,usia_min,1))) | T43: Aktif | W43: asli: Hendra gamprit Rt04/04 | X43: =IF($M43="","",$M43&"#"&COUNTIF($M$4:$M43,$M43)) -> Kp. Gamprit - RT 004/004#1 | Y43: =IF($B43="","",IF($C43="","NIK kosong",IF(LEN($C43)<>16,"NIK bukan 16 digit",IF(COUNTIF($C$4:$C$2003,$C43&"*")>1,"NIK ganda",IF(AND($D43<>"",LEN($D43)<>16),"No. KK bukan 16 digit",IF(AND($F43="",$I43=""),"Alamat kosong",IF($N43="","Jabatan kosong",IF($O43="","No. HP kosong",IF(AND($R43<>"",$R43<17),"Usia di bawah 17",""))))))))) -> NIK kosong | Z43: =IF($B43="","",IF(AND(OR(CARI!$C$5="",ISNUMBER(SEARCH(CARI!$C$5,$B43&" "&$C43&" "&$D43&" "&$O43&" "&$I43&" "&$F43&" "&$J43&" "&$K43&" "&$L43&" "&$V43))),OR(CARI!$C$6="",$F43=CARI!$C$6),OR(CARI!$C$7="",$G43=CARI!$C$7),OR(CARI!$C$8="",$T43=CARI!$C$8)),MAX($Z$3:Z42)+1,"")) -> 40 | AA43: =IF($Y43="","",MAX($AA$3:AA42)+1) -> 40 | AB43: =IF($F43="","",$F43&"#"&COUNTIF($F$4:$F43,$F43)) -> Kp. Gamprit#11 | AC43: =IF($B43="","",IF(AND(OR(CETAK!$J$10="",$F43=CETAK!$J$10),OR(CETAK!$J$11="",$G43=CETAK!$J$11),OR(CETAK!$J$12="",$P43=CETAK!$J$12),OR(CETAK!$J$13="",$N43=CETAK!$J$13),OR(CETAK!$J$14="",$T43=CETAK!$J$14)),MAX($AC$3:AC42)+1,"")) -> 40 | AD43: =IF($B43="","",IF(AND(OR(ABSENSI!$H$10="",$F43=ABSENSI!$H$10),OR(ABSENSI!$H$11="",$G43=ABSENSI!$H$11),OR(ABSENSI!$H$12="",$P43=ABSENSI!$H$12)),MAX($AD$3:AD42)+1,"")) -> 40 | AE43: =IF($B43="","",IF(AND(OR(KARTU!$K$6="",$F43=KARTU!$K$6),OR(KARTU!$K$7="",$G43=KARTU!$K$7),OR(KARTU!$K$8="",$P43=KARTU!$K$8)),MAX($AE$3:AE42)+1,"")) -> 40
A44: =IF($B44="","",COUNTA($B$4:$B44)) -> 41 | B44: NENDA (KHENZON) | F44: Kp. Wangkal | M44: =IF($F44="","",$F44&IF($G44="",""," - RT "&$G44&IF($H44="","","/"&$H44))) -> Kp. Wangkal | N44: Anggota | R44: =IF(OR($B44="",$Q44=""),"",DATEDIF($Q44,TODAY(),"Y")) | S44: =IF($R44="","",INDEX(usia_label,MATCH($R44,usia_min,1))) | T44: Aktif | W44: asli: Nenda/khenzon kp wangkal | X44: =IF($M44="","",$M44&"#"&COUNTIF($M$4:$M44,$M44)) -> Kp. Wangkal#2 | Y44: =IF($B44="","",IF($C44="","NIK kosong",IF(LEN($C44)<>16,"NIK bukan 16 digit",IF(COUNTIF($C$4:$C$2003,$C44&"*")>1,"NIK ganda",IF(AND($D44<>"",LEN($D44)<>16),"No. KK bukan 16 digit",IF(AND($F44="",$I44=""),"Alamat kosong",IF($N44="","Jabatan kosong",IF($O44="","No. HP kosong",IF(AND($R44<>"",$R44<17),"Usia di bawah 17",""))))))))) -> NIK kosong | Z44: =IF($B44="","",IF(AND(OR(CARI!$C$5="",ISNUMBER(SEARCH(CARI!$C$5,$B44&" "&$C44&" "&$D44&" "&$O44&" "&$I44&" "&$F44&" "&$J44&" "&$K44&" "&$L44&" "&$V44))),OR(CARI!$C$6="",$F44=CARI!$C$6),OR(CARI!$C$7="",$G44=CARI!$C$7),OR(CARI!$C$8="",$T44=CARI!$C$8)),MAX($Z$3:Z43)+1,"")) -> 41 | AA44: =IF($Y44="","",MAX($AA$3:AA43)+1) -> 41 | AB44: =IF($F44="","",$F44&"#"&COUNTIF($F$4:$F44,$F44)) -> Kp. Wangkal#8 | AC44: =IF($B44="","",IF(AND(OR(CETAK!$J$10="",$F44=CETAK!$J$10),OR(CETAK!$J$11="",$G44=CETAK!$J$11),OR(CETAK!$J$12="",$P44=CETAK!$J$12),OR(CETAK!$J$13="",$N44=CETAK!$J$13),OR(CETAK!$J$14="",$T44=CETAK!$J$14)),MAX($AC$3:AC43)+1,"")) -> 41 | AD44: =IF($B44="","",IF(AND(OR(ABSENSI!$H$10="",$F44=ABSENSI!$H$10),OR(ABSENSI!$H$11="",$G44=ABSENSI!$H$11),OR(ABSENSI!$H$12="",$P44=ABSENSI!$H$12)),MAX($AD$3:AD43)+1,"")) -> 41 | AE44: =IF($B44="","",IF(AND(OR(KARTU!$K$6="",$F44=KARTU!$K$6),OR(KARTU!$K$7="",$G44=KARTU!$K$7),OR(KARTU!$K$8="",$P44=KARTU!$K$8)),MAX($AE$3:AE43)+1,"")) -> 41
A45: =IF($B45="","",COUNTA($B$4:$B45)) -> 42 | B45: SAIH | F45: Kp. Wangkal | G45: 005 | H45: 006 | K45: Saiman | L45: Kadus 3 | M45: =IF($F45="","",$F45&IF($G45="",""," - RT "&$G45&IF($H45="","","/"&$H45))) -> Kp. Wangkal - RT 005/006 | N45: Anggota | R45: =IF(OR($B45="",$Q45=""),"",DATEDIF($Q45,TODAY(),"Y")) | S45: =IF($R45="","",INDEX(usia_label,MATCH($R45,usia_min,1))) | T45: Aktif | W45: asli: Saih kp wangkal RT 05/06 | X45: =IF($M45="","",$M45&"#"&COUNTIF($M$4:$M45,$M45)) -> Kp. Wangkal - RT 005/006#2 | Y45: =IF($B45="","",IF($C45="","NIK kosong",IF(LEN($C45)<>16,"NIK bukan 16 digit",IF(COUNTIF($C$4:$C$2003,$C45&"*")>1,"NIK ganda",IF(AND($D45<>"",LEN($D45)<>16),"No. KK bukan 16 digit",IF(AND($F45="",$I45=""),"Alamat kosong",IF($N45="","Jabatan kosong",IF($O45="","No. HP kosong",IF(AND($R45<>"",$R45<17),"Usia di bawah 17",""))))))))) -> NIK kosong | Z45: =IF($B45="","",IF(AND(OR(CARI!$C$5="",ISNUMBER(SEARCH(CARI!$C$5,$B45&" "&$C45&" "&$D45&" "&$O45&" "&$I45&" "&$F45&" "&$J45&" "&$K45&" "&$L45&" "&$V45))),OR(CARI!$C$6="",$F45=CARI!$C$6),OR(CARI!$C$7="",$G45=CARI!$C$7),OR(CARI!$C$8="",$T45=CARI!$C$8)),MAX($Z$3:Z44)+1,"")) -> 42 | AA45: =IF($Y45="","",MAX($AA$3:AA44)+1) -> 42 | AB45: =IF($F45="","",$F45&"#"&COUNTIF($F$4:$F45,$F45)) -> Kp. Wangkal#9 | AC45: =IF($B45="","",IF(AND(OR(CETAK!$J$10="",$F45=CETAK!$J$10),OR(CETAK!$J$11="",$G45=CETAK!$J$11),OR(CETAK!$J$12="",$P45=CETAK!$J$12),OR(CETAK!$J$13="",$N45=CETAK!$J$13),OR(CETAK!$J$14="",$T45=CETAK!$J$14)),MAX($AC$3:AC44)+1,"")) -> 42 | AD45: =IF($B45="","",IF(AND(OR(ABSENSI!$H$10="",$F45=ABSENSI!$H$10),OR(ABSENSI!$H$11="",$G45=ABSENSI!$H$11),OR(ABSENSI!$H$12="",$P45=ABSENSI!$H$12)),MAX($AD$3:AD44)+1,"")) -> 42 | AE45: =IF($B45="","",IF(AND(OR(KARTU!$K$6="",$F45=KARTU!$K$6),OR(KARTU!$K$7="",$G45=KARTU!$K$7),OR(KARTU!$K$8="",$P45=KARTU!$K$8)),MAX($AE$3:AE44)+1,"")) -> 42
A46: =IF($B46="","",COUNTA($B$4:$B46)) -> 43 | B46: JEBING | F46: Kp. Kuda Kuda | G46: 003 | J46: Basir | L46: Kadus 1 | M46: =IF($F46="","",$F46&IF($G46="",""," - RT "&$G46&IF($H46="","","/"&$H46))) -> Kp. Kuda Kuda - RT 003 | N46: Anggota | R46: =IF(OR($B46="",$Q46=""),"",DATEDIF($Q46,TODAY(),"Y")) | S46: =IF($R46="","",INDEX(usia_label,MATCH($R46,usia_min,1))) | T46: Aktif | W46: asli: jebing kuda kuda RT Basir | X46: =IF($M46="","",$M46&"#"&COUNTIF($M$4:$M46,$M46)) -> Kp. Kuda Kuda - RT 003#1 | Y46: =IF($B46="","",IF($C46="","NIK kosong",IF(LEN($C46)<>16,"NIK bukan 16 digit",IF(COUNTIF($C$4:$C$2003,$C46&"*")>1,"NIK ganda",IF(AND($D46<>"",LEN($D46)<>16),"No. KK bukan 16 digit",IF(AND($F46="",$I46=""),"Alamat kosong",IF($N46="","Jabatan kosong",IF($O46="","No. HP kosong",IF(AND($R46<>"",$R46<17),"Usia di bawah 17",""))))))))) -> NIK kosong | Z46: =IF($B46="","",IF(AND(OR(CARI!$C$5="",ISNUMBER(SEARCH(CARI!$C$5,$B46&" "&$C46&" "&$D46&" "&$O46&" "&$I46&" "&$F46&" "&$J46&" "&$K46&" "&$L46&" "&$V46))),OR(CARI!$C$6="",$F46=CARI!$C$6),OR(CARI!$C$7="",$G46=CARI!$C$7),OR(CARI!$C$8="",$T46=CARI!$C$8)),MAX($Z$3:Z45)+1,"")) -> 43 | AA46: =IF($Y46="","",MAX($AA$3:AA45)+1) -> 43 | AB46: =IF($F46="","",$F46&"#"&COUNTIF($F$4:$F46,$F46)) -> Kp. Kuda Kuda#10 | AC46: =IF($B46="","",IF(AND(OR(CETAK!$J$10="",$F46=CETAK!$J$10),OR(CETAK!$J$11="",$G46=CETAK!$J$11),OR(CETAK!$J$12="",$P46=CETAK!$J$12),OR(CETAK!$J$13="",$N46=CETAK!$J$13),OR(CETAK!$J$14="",$T46=CETAK!$J$14)),MAX($AC$3:AC45)+1,"")) -> 43 | AD46: =IF($B46="","",IF(AND(OR(ABSENSI!$H$10="",$F46=ABSENSI!$H$10),OR(ABSENSI!$H$11="",$G46=ABSENSI!$H$11),OR(ABSENSI!$H$12="",$P46=ABSENSI!$H$12)),MAX($AD$3:AD45)+1,"")) -> 43 | AE46: =IF($B46="","",IF(AND(OR(KARTU!$K$6="",$F46=KARTU!$K$6),OR(KARTU!$K$7="",$G46=KARTU!$K$7),OR(KARTU!$K$8="",$P46=KARTU!$K$8)),MAX($AE$3:AE45)+1,"")) -> 43
A47: =IF($B47="","",COUNTA($B$4:$B47)) -> 44 | B47: IQWAL M.S | F47: Kp. Gamprit | G47: 001 | H47: 005 | J47: Ropic | K47: Uding | L47: Kadus 3 | M47: =IF($F47="","",$F47&IF($G47="",""," - RT "&$G47&IF($H47="","","/"&$H47))) -> Kp. Gamprit - RT 001/005 | N47: Anggota | R47: =IF(OR($B47="",$Q47=""),"",DATEDIF($Q47,TODAY(),"Y")) | S47: =IF($R47="","",INDEX(usia_label,MATCH($R47,usia_min,1))) | T47: Aktif | W47: asli: iqwal M.s kp.Gamprit RT ropik | X47: =IF($M47="","",$M47&"#"&COUNTIF($M$4:$M47,$M47)) -> Kp. Gamprit - RT 001/005#1 | Y47: =IF($B47="","",IF($C47="","NIK kosong",IF(LEN($C47)<>16,"NIK bukan 16 digit",IF(COUNTIF($C$4:$C$2003,$C47&"*")>1,"NIK ganda",IF(AND($D47<>"",LEN($D47)<>16),"No. KK bukan 16 digit",IF(AND($F47="",$I47=""),"Alamat kosong",IF($N47="","Jabatan kosong",IF($O47="","No. HP kosong",IF(AND($R47<>"",$R47<17),"Usia di bawah 17",""))))))))) -> NIK kosong | Z47: =IF($B47="","",IF(AND(OR(CARI!$C$5="",ISNUMBER(SEARCH(CARI!$C$5,$B47&" "&$C47&" "&$D47&" "&$O47&" "&$I47&" "&$F47&" "&$J47&" "&$K47&" "&$L47&" "&$V47))),OR(CARI!$C$6="",$F47=CARI!$C$6),OR(CARI!$C$7="",$G47=CARI!$C$7),OR(CARI!$C$8="",$T47=CARI!$C$8)),MAX($Z$3:Z46)+1,"")) -> 44 | AA47: =IF($Y47="","",MAX($AA$3:AA46)+1) -> 44 | AB47: =IF($F47="","",$F47&"#"&COUNTIF($F$4:$F47,$F47)) -> Kp. Gamprit#12 | AC47: =IF($B47="","",IF(AND(OR(CETAK!$J$10="",$F47=CETAK!$J$10),OR(CETAK!$J$11="",$G47=CETAK!$J$11),OR(CETAK!$J$12="",$P47=CETAK!$J$12),OR(CETAK!$J$13="",$N47=CETAK!$J$13),OR(CETAK!$J$14="",$T47=CETAK!$J$14)),MAX($AC$3:AC46)+1,"")) -> 44 | AD47: =IF($B47="","",IF(AND(OR(ABSENSI!$H$10="",$F47=ABSENSI!$H$10),OR(ABSENSI!$H$11="",$G47=ABSENSI!$H$11),OR(ABSENSI!$H$12="",$P47=ABSENSI!$H$12)),MAX($AD$3:AD46)+1,"")) -> 44 | AE47: =IF($B47="","",IF(AND(OR(KARTU!$K$6="",$F47=KARTU!$K$6),OR(KARTU!$K$7="",$G47=KARTU!$K$7),OR(KARTU!$K$8="",$P47=KARTU!$K$8)),MAX($AE$3:AE46)+1,"")) -> 44
A48: =IF($B48="","",COUNTA($B$4:$B48)) -> 45 | B48: HERMAN | F48: Kp. Gamprit | M48: =IF($F48="","",$F48&IF($G48="",""," - RT "&$G48&IF($H48="","","/"&$H48))) -> Kp. Gamprit | N48: Anggota | R48: =IF(OR($B48="",$Q48=""),"",DATEDIF($Q48,TODAY(),"Y")) | S48: =IF($R48="","",INDEX(usia_label,MATCH($R48,usia_min,1))) | T48: Aktif | W48: asli: Herman Kp Gampri | X48: =IF($M48="","",$M48&"#"&COUNTIF($M$4:$M48,$M48)) -> Kp. Gamprit#4 | Y48: =IF($B48="","",IF($C48="","NIK kosong",IF(LEN($C48)<>16,"NIK bukan 16 digit",IF(COUNTIF($C$4:$C$2003,$C48&"*")>1,"NIK ganda",IF(AND($D48<>"",LEN($D48)<>16),"No. KK bukan 16 digit",IF(AND($F48="",$I48=""),"Alamat kosong",IF($N48="","Jabatan kosong",IF($O48="","No. HP kosong",IF(AND($R48<>"",$R48<17),"Usia di bawah 17",""))))))))) -> NIK kosong | Z48: =IF($B48="","",IF(AND(OR(CARI!$C$5="",ISNUMBER(SEARCH(CARI!$C$5,$B48&" "&$C48&" "&$D48&" "&$O48&" "&$I48&" "&$F48&" "&$J48&" "&$K48&" "&$L48&" "&$V48))),OR(CARI!$C$6="",$F48=CARI!$C$6),OR(CARI!$C$7="",$G48=CARI!$C$7),OR(CARI!$C$8="",$T48=CARI!$C$8)),MAX($Z$3:Z47)+1,"")) -> 45 | AA48: =IF($Y48="","",MAX($AA$3:AA47)+1) -> 45 | AB48: =IF($F48="","",$F48&"#"&COUNTIF($F$4:$F48,$F48)) -> Kp. Gamprit#13 | AC48: =IF($B48="","",IF(AND(OR(CETAK!$J$10="",$F48=CETAK!$J$10),OR(CETAK!$J$11="",$G48=CETAK!$J$11),OR(CETAK!$J$12="",$P48=CETAK!$J$12),OR(CETAK!$J$13="",$N48=CETAK!$J$13),OR(CETAK!$J$14="",$T48=CETAK!$J$14)),MAX($AC$3:AC47)+1,"")) -> 45 | AD48: =IF($B48="","",IF(AND(OR(ABSENSI!$H$10="",$F48=ABSENSI!$H$10),OR(ABSENSI!$H$11="",$G48=ABSENSI!$H$11),OR(ABSENSI!$H$12="",$P48=ABSENSI!$H$12)),MAX($AD$3:AD47)+1,"")) -> 45 | AE48: =IF($B48="","",IF(AND(OR(KARTU!$K$6="",$F48=KARTU!$K$6),OR(KARTU!$K$7="",$G48=KARTU!$K$7),OR(KARTU!$K$8="",$P48=KARTU!$K$8)),MAX($AE$3:AE47)+1,"")) -> 45
A49: =IF($B49="","",COUNTA($B$4:$B49)) -> 46 | B49: WAWAN | F49: Kp. Gamprit | G49: 004 | H49: 002 | K49: Pasni | L49: Kadus 1 | M49: =IF($F49="","",$F49&IF($G49="",""," - RT "&$G49&IF($H49="","","/"&$H49))) -> Kp. Gamprit - RT 004/002 | N49: Anggota | R49: =IF(OR($B49="",$Q49=""),"",DATEDIF($Q49,TODAY(),"Y")) | S49: =IF($R49="","",INDEX(usia_label,MATCH($R49,usia_min,1))) | T49: Aktif | W49: asli: Wawan Gamprit rt04/02 | X49: =IF($M49="","",$M49&"#"&COUNTIF($M$4:$M49,$M49)) -> Kp. Gamprit - RT 004/002#1 | Y49: =IF($B49="","",IF($C49="","NIK kosong",IF(LEN($C49)<>16,"NIK bukan 16 digit",IF(COUNTIF($C$4:$C$2003,$C49&"*")>1,"NIK ganda",IF(AND($D49<>"",LEN($D49)<>16),"No. KK bukan 16 digit",IF(AND($F49="",$I49=""),"Alamat kosong",IF($N49="","Jabatan kosong",IF($O49="","No. HP kosong",IF(AND($R49<>"",$R49<17),"Usia di bawah 17",""))))))))) -> NIK kosong | Z49: =IF($B49="","",IF(AND(OR(CARI!$C$5="",ISNUMBER(SEARCH(CARI!$C$5,$B49&" "&$C49&" "&$D49&" "&$O49&" "&$I49&" "&$F49&" "&$J49&" "&$K49&" "&$L49&" "&$V49))),OR(CARI!$C$6="",$F49=CARI!$C$6),OR(CARI!$C$7="",$G49=CARI!$C$7),OR(CARI!$C$8="",$T49=CARI!$C$8)),MAX($Z$3:Z48)+1,"")) -> 46 | AA49: =IF($Y49="","",MAX($AA$3:AA48)+1) -> 46 | AB49: =IF($F49="","",$F49&"#"&COUNTIF($F$4:$F49,$F49)) -> Kp. Gamprit#14 | AC49: =IF($B49="","",IF(AND(OR(CETAK!$J$10="",$F49=CETAK!$J$10),OR(CETAK!$J$11="",$G49=CETAK!$J$11),OR(CETAK!$J$12="",$P49=CETAK!$J$12),OR(CETAK!$J$13="",$N49=CETAK!$J$13),OR(CETAK!$J$14="",$T49=CETAK!$J$14)),MAX($AC$3:AC48)+1,"")) -> 46 | AD49: =IF($B49="","",IF(AND(OR(ABSENSI!$H$10="",$F49=ABSENSI!$H$10),OR(ABSENSI!$H$11="",$G49=ABSENSI!$H$11),OR(ABSENSI!$H$12="",$P49=ABSENSI!$H$12)),MAX($AD$3:AD48)+1,"")) -> 46 | AE49: =IF($B49="","",IF(AND(OR(KARTU!$K$6="",$F49=KARTU!$K$6),OR(KARTU!$K$7="",$G49=KARTU!$K$7),OR(KARTU!$K$8="",$P49=KARTU!$K$8)),MAX($AE$3:AE48)+1,"")) -> 46
A50: =IF($B50="","",COUNTA($B$4:$B50)) -> 47 | B50: DETA NALA SRI M | F50: Kp. Kuda Kuda | G50: 004 | J50: Onin | L50: Kadus 1 | M50: =IF($F50="","",$F50&IF($G50="",""," - RT "&$G50&IF($H50="","","/"&$H50))) -> Kp. Kuda Kuda - RT 004 | N50: Anggota | R50: =IF(OR($B50="",$Q50=""),"",DATEDIF($Q50,TODAY(),"Y")) | S50: =IF($R50="","",INDEX(usia_label,MATCH($R50,usia_min,1))) | T50: Aktif | W50: asli: Deta Nala sri M kuda kuda Rt Onin | X50: =IF($M50="","",$M50&"#"&COUNTIF($M$4:$M50,$M50)) -> Kp. Kuda Kuda - RT 004#2 | Y50: =IF($B50="","",IF($C50="","NIK kosong",IF(LEN($C50)<>16,"NIK bukan 16 digit",IF(COUNTIF($C$4:$C$2003,$C50&"*")>1,"NIK ganda",IF(AND($D50<>"",LEN($D50)<>16),"No. KK bukan 16 digit",IF(AND($F50="",$I50=""),"Alamat kosong",IF($N50="","Jabatan kosong",IF($O50="","No. HP kosong",IF(AND($R50<>"",$R50<17),"Usia di bawah 17",""))))))))) -> NIK kosong | Z50: =IF($B50="","",IF(AND(OR(CARI!$C$5="",ISNUMBER(SEARCH(CARI!$C$5,$B50&" "&$C50&" "&$D50&" "&$O50&" "&$I50&" "&$F50&" "&$J50&" "&$K50&" "&$L50&" "&$V50))),OR(CARI!$C$6="",$F50=CARI!$C$6),OR(CARI!$C$7="",$G50=CARI!$C$7),OR(CARI!$C$8="",$T50=CARI!$C$8)),MAX($Z$3:Z49)+1,"")) -> 47 | AA50: =IF($Y50="","",MAX($AA$3:AA49)+1) -> 47 | AB50: =IF($F50="","",$F50&"#"&COUNTIF($F$4:$F50,$F50)) -> Kp. Kuda Kuda#11 | AC50: =IF($B50="","",IF(AND(OR(CETAK!$J$10="",$F50=CETAK!$J$10),OR(CETAK!$J$11="",$G50=CETAK!$J$11),OR(CETAK!$J$12="",$P50=CETAK!$J$12),OR(CETAK!$J$13="",$N50=CETAK!$J$13),OR(CETAK!$J$14="",$T50=CETAK!$J$14)),MAX($AC$3:AC49)+1,"")) -> 47 | AD50: =IF($B50="","",IF(AND(OR(ABSENSI!$H$10="",$F50=ABSENSI!$H$10),OR(ABSENSI!$H$11="",$G50=ABSENSI!$H$11),OR(ABSENSI!$H$12="",$P50=ABSENSI!$H$12)),MAX($AD$3:AD49)+1,"")) -> 47 | AE50: =IF($B50="","",IF(AND(OR(KARTU!$K$6="",$F50=KARTU!$K$6),OR(KARTU!$K$7="",$G50=KARTU!$K$7),OR(KARTU!$K$8="",$P50=KARTU!$K$8)),MAX($AE$3:AE49)+1,"")) -> 47
A51: =IF($B51="","",COUNTA($B$4:$B51)) -> 48 | B51: OPIC (ROPIK) | F51: Kp. Gamprit | G51: 001 | H51: 005 | J51: Ropic | K51: Uding | L51: Kadus 3 | M51: =IF($F51="","",$F51&IF($G51="",""," - RT "&$G51&IF($H51="","","/"&$H51))) -> Kp. Gamprit - RT 001/005 | N51: Ketua RT | R51: =IF(OR($B51="",$Q51=""),"",DATEDIF($Q51,TODAY(),"Y")) | S51: =IF($R51="","",INDEX(usia_label,MATCH($R51,usia_min,1))) | T51: Aktif | W51: asli: RT Opic / Ropik Rt 001/005 | X51: =IF($M51="","",$M51&"#"&COUNTIF($M$4:$M51,$M51)) -> Kp. Gamprit - RT 001/005#2 | Y51: =IF($B51="","",IF($C51="","NIK kosong",IF(LEN($C51)<>16,"NIK bukan 16 digit",IF(COUNTIF($C$4:$C$2003,$C51&"*")>1,"NIK ganda",IF(AND($D51<>"",LEN($D51)<>16),"No. KK bukan 16 digit",IF(AND($F51="",$I51=""),"Alamat kosong",IF($N51="","Jabatan kosong",IF($O51="","No. HP kosong",IF(AND($R51<>"",$R51<17),"Usia di bawah 17",""))))))))) -> NIK kosong | Z51: =IF($B51="","",IF(AND(OR(CARI!$C$5="",ISNUMBER(SEARCH(CARI!$C$5,$B51&" "&$C51&" "&$D51&" "&$O51&" "&$I51&" "&$F51&" "&$J51&" "&$K51&" "&$L51&" "&$V51))),OR(CARI!$C$6="",$F51=CARI!$C$6),OR(CARI!$C$7="",$G51=CARI!$C$7),OR(CARI!$C$8="",$T51=CARI!$C$8)),MAX($Z$3:Z50)+1,"")) -> 48 | AA51: =IF($Y51="","",MAX($AA$3:AA50)+1) -> 48 | AB51: =IF($F51="","",$F51&"#"&COUNTIF($F$4:$F51,$F51)) -> Kp. Gamprit#15 | AC51: =IF($B51="","",IF(AND(OR(CETAK!$J$10="",$F51=CETAK!$J$10),OR(CETAK!$J$11="",$G51=CETAK!$J$11),OR(CETAK!$J$12="",$P51=CETAK!$J$12),OR(CETAK!$J$13="",$N51=CETAK!$J$13),OR(CETAK!$J$14="",$T51=CETAK!$J$14)),MAX($AC$3:AC50)+1,"")) -> 48 | AD51: =IF($B51="","",IF(AND(OR(ABSENSI!$H$10="",$F51=ABSENSI!$H$10),OR(ABSENSI!$H$11="",$G51=ABSENSI!$H$11),OR(ABSENSI!$H$12="",$P51=ABSENSI!$H$12)),MAX($AD$3:AD50)+1,"")) -> 48 | AE51: =IF($B51="","",IF(AND(OR(KARTU!$K$6="",$F51=KARTU!$K$6),OR(KARTU!$K$7="",$G51=KARTU!$K$7),OR(KARTU!$K$8="",$P51=KARTU!$K$8)),MAX($AE$3:AE50)+1,"")) -> 48
A52: =IF($B52="","",COUNTA($B$4:$B52)) -> 49 | B52: KOMARUDIN | F52: Kp. Wangkal | M52: =IF($F52="","",$F52&IF($G52="",""," - RT "&$G52&IF($H52="","","/"&$H52))) -> Kp. Wangkal | N52: Anggota | R52: =IF(OR($B52="",$Q52=""),"",DATEDIF($Q52,TODAY(),"Y")) | S52: =IF($R52="","",INDEX(usia_label,MATCH($R52,usia_min,1))) | T52: Aktif | W52: asli: Komarudin Kp Wangkal | X52: =IF($M52="","",$M52&"#"&COUNTIF($M$4:$M52,$M52)) -> Kp. Wangkal#3 | Y52: =IF($B52="","",IF($C52="","NIK kosong",IF(LEN($C52)<>16,"NIK bukan 16 digit",IF(COUNTIF($C$4:$C$2003,$C52&"*")>1,"NIK ganda",IF(AND($D52<>"",LEN($D52)<>16),"No. KK bukan 16 digit",IF(AND($F52="",$I52=""),"Alamat kosong",IF($N52="","Jabatan kosong",IF($O52="","No. HP kosong",IF(AND($R52<>"",$R52<17),"Usia di bawah 17",""))))))))) -> NIK kosong | Z52: =IF($B52="","",IF(AND(OR(CARI!$C$5="",ISNUMBER(SEARCH(CARI!$C$5,$B52&" "&$C52&" "&$D52&" "&$O52&" "&$I52&" "&$F52&" "&$J52&" "&$K52&" "&$L52&" "&$V52))),OR(CARI!$C$6="",$F52=CARI!$C$6),OR(CARI!$C$7="",$G52=CARI!$C$7),OR(CARI!$C$8="",$T52=CARI!$C$8)),MAX($Z$3:Z51)+1,"")) -> 49 | AA52: =IF($Y52="","",MAX($AA$3:AA51)+1) -> 49 | AB52: =IF($F52="","",$F52&"#"&COUNTIF($F$4:$F52,$F52)) -> Kp. Wangkal#10 | AC52: =IF($B52="","",IF(AND(OR(CETAK!$J$10="",$F52=CETAK!$J$10),OR(CETAK!$J$11="",$G52=CETAK!$J$11),OR(CETAK!$J$12="",$P52=CETAK!$J$12),OR(CETAK!$J$13="",$N52=CETAK!$J$13),OR(CETAK!$J$14="",$T52=CETAK!$J$14)),MAX($AC$3:AC51)+1,"")) -> 49 | AD52: =IF($B52="","",IF(AND(OR(ABSENSI!$H$10="",$F52=ABSENSI!$H$10),OR(ABSENSI!$H$11="",$G52=ABSENSI!$H$11),OR(ABSENSI!$H$12="",$P52=ABSENSI!$H$12)),MAX($AD$3:AD51)+1,"")) -> 49 | AE52: =IF($B52="","",IF(AND(OR(KARTU!$K$6="",$F52=KARTU!$K$6),OR(KARTU!$K$7="",$G52=KARTU!$K$7),OR(KARTU!$K$8="",$P52=KARTU!$K$8)),MAX($AE$3:AE51)+1,"")) -> 49
A53: =IF($B53="","",COUNTA($B$4:$B53)) -> 50 | B53: ROHADI (ADE) | F53: Kp. Gamprit | J53: Engkus | M53: =IF($F53="","",$F53&IF($G53="",""," - RT "&$G53&IF($H53="","","/"&$H53))) -> Kp. Gamprit | N53: Anggota | R53: =IF(OR($B53="",$Q53=""),"",DATEDIF($Q53,TODAY(),"Y")) | S53: =IF($R53="","",INDEX(usia_label,MATCH($R53,usia_min,1))) | T53: Aktif | W53: asli: Rohadi /ade kp gamprit RT engkus | X53: =IF($M53="","",$M53&"#"&COUNTIF($M$4:$M53,$M53)) -> Kp. Gamprit#5 | Y53: =IF($B53="","",IF($C53="","NIK kosong",IF(LEN($C53)<>16,"NIK bukan 16 digit",IF(COUNTIF($C$4:$C$2003,$C53&"*")>1,"NIK ganda",IF(AND($D53<>"",LEN($D53)<>16),"No. KK bukan 16 digit",IF(AND($F53="",$I53=""),"Alamat kosong",IF($N53="","Jabatan kosong",IF($O53="","No. HP kosong",IF(AND($R53<>"",$R53<17),"Usia di bawah 17",""))))))))) -> NIK kosong | Z53: =IF($B53="","",IF(AND(OR(CARI!$C$5="",ISNUMBER(SEARCH(CARI!$C$5,$B53&" "&$C53&" "&$D53&" "&$O53&" "&$I53&" "&$F53&" "&$J53&" "&$K53&" "&$L53&" "&$V53))),OR(CARI!$C$6="",$F53=CARI!$C$6),OR(CARI!$C$7="",$G53=CARI!$C$7),OR(CARI!$C$8="",$T53=CARI!$C$8)),MAX($Z$3:Z52)+1,"")) -> 50 | AA53: =IF($Y53="","",MAX($AA$3:AA52)+1) -> 50 | AB53: =IF($F53="","",$F53&"#"&COUNTIF($F$4:$F53,$F53)) -> Kp. Gamprit#16 | AC53: =IF($B53="","",IF(AND(OR(CETAK!$J$10="",$F53=CETAK!$J$10),OR(CETAK!$J$11="",$G53=CETAK!$J$11),OR(CETAK!$J$12="",$P53=CETAK!$J$12),OR(CETAK!$J$13="",$N53=CETAK!$J$13),OR(CETAK!$J$14="",$T53=CETAK!$J$14)),MAX($AC$3:AC52)+1,"")) -> 50 | AD53: =IF($B53="","",IF(AND(OR(ABSENSI!$H$10="",$F53=ABSENSI!$H$10),OR(ABSENSI!$H$11="",$G53=ABSENSI!$H$11),OR(ABSENSI!$H$12="",$P53=ABSENSI!$H$12)),MAX($AD$3:AD52)+1,"")) -> 50 | AE53: =IF($B53="","",IF(AND(OR(KARTU!$K$6="",$F53=KARTU!$K$6),OR(KARTU!$K$7="",$G53=KARTU!$K$7),OR(KARTU!$K$8="",$P53=KARTU!$K$8)),MAX($AE$3:AE52)+1,"")) -> 50
A54: =IF($B54="","",COUNTA($B$4:$B54)) -> 51 | B54: ADE PRABOWO | F54: Kp. Gamprit | G54: 003 | H54: 006 | J54: Wandy Suwandi | K54: Saiman | L54: Kadus 3 | M54: =IF($F54="","",$F54&IF($G54="",""," - RT "&$G54&IF($H54="","","/"&$H54))) -> Kp. Gamprit - RT 003/006 | N54: Anggota | R54: =IF(OR($B54="",$Q54=""),"",DATEDIF($Q54,TODAY(),"Y")) | S54: =IF($R54="","",INDEX(usia_label,MATCH($R54,usia_min,1))) | T54: Aktif | W54: asli: Ade prabowo kp gamprit RT wandi | X54: =IF($M54="","",$M54&"#"&COUNTIF($M$4:$M54,$M54)) -> Kp. Gamprit - RT 003/006#7 | Y54: =IF($B54="","",IF($C54="","NIK kosong",IF(LEN($C54)<>16,"NIK bukan 16 digit",IF(COUNTIF($C$4:$C$2003,$C54&"*")>1,"NIK ganda",IF(AND($D54<>"",LEN($D54)<>16),"No. KK bukan 16 digit",IF(AND($F54="",$I54=""),"Alamat kosong",IF($N54="","Jabatan kosong",IF($O54="","No. HP kosong",IF(AND($R54<>"",$R54<17),"Usia di bawah 17",""))))))))) -> NIK kosong | Z54: =IF($B54="","",IF(AND(OR(CARI!$C$5="",ISNUMBER(SEARCH(CARI!$C$5,$B54&" "&$C54&" "&$D54&" "&$O54&" "&$I54&" "&$F54&" "&$J54&" "&$K54&" "&$L54&" "&$V54))),OR(CARI!$C$6="",$F54=CARI!$C$6),OR(CARI!$C$7="",$G54=CARI!$C$7),OR(CARI!$C$8="",$T54=CARI!$C$8)),MAX($Z$3:Z53)+1,"")) -> 51 | AA54: =IF($Y54="","",MAX($AA$3:AA53)+1) -> 51 | AB54: =IF($F54="","",$F54&"#"&COUNTIF($F$4:$F54,$F54)) -> Kp. Gamprit#17 | AC54: =IF($B54="","",IF(AND(OR(CETAK!$J$10="",$F54=CETAK!$J$10),OR(CETAK!$J$11="",$G54=CETAK!$J$11),OR(CETAK!$J$12="",$P54=CETAK!$J$12),OR(CETAK!$J$13="",$N54=CETAK!$J$13),OR(CETAK!$J$14="",$T54=CETAK!$J$14)),MAX($AC$3:AC53)+1,"")) -> 51 | AD54: =IF($B54="","",IF(AND(OR(ABSENSI!$H$10="",$F54=ABSENSI!$H$10),OR(ABSENSI!$H$11="",$G54=ABSENSI!$H$11),OR(ABSENSI!$H$12="",$P54=ABSENSI!$H$12)),MAX($AD$3:AD53)+1,"")) -> 51 | AE54: =IF($B54="","",IF(AND(OR(KARTU!$K$6="",$F54=KARTU!$K$6),OR(KARTU!$K$7="",$G54=KARTU!$K$7),OR(KARTU!$K$8="",$P54=KARTU!$K$8)),MAX($AE$3:AE53)+1,"")) -> 51
A55: =IF($B55="","",COUNTA($B$4:$B55)) -> 52 | B55: ALI NURDIN | F55: Kp. Gamprit | G55: 003 | H55: 006 | J55: Wandy Suwandi | K55: Saiman | L55: Kadus 3 | M55: =IF($F55="","",$F55&IF($G55="",""," - RT "&$G55&IF($H55="","","/"&$H55))) -> Kp. Gamprit - RT 003/006 | N55: Anggota | R55: =IF(OR($B55="",$Q55=""),"",DATEDIF($Q55,TODAY(),"Y")) | S55: =IF($R55="","",INDEX(usia_label,MATCH($R55,usia_min,1))) | T55: Aktif | W55: asli: Ali Nurdin kp gamprit RT wandi | X55: =IF($M55="","",$M55&"#"&COUNTIF($M$4:$M55,$M55)) -> Kp. Gamprit - RT 003/006#8 | Y55: =IF($B55="","",IF($C55="","NIK kosong",IF(LEN($C55)<>16,"NIK bukan 16 digit",IF(COUNTIF($C$4:$C$2003,$C55&"*")>1,"NIK ganda",IF(AND($D55<>"",LEN($D55)<>16),"No. KK bukan 16 digit",IF(AND($F55="",$I55=""),"Alamat kosong",IF($N55="","Jabatan kosong",IF($O55="","No. HP kosong",IF(AND($R55<>"",$R55<17),"Usia di bawah 17",""))))))))) -> NIK kosong | Z55: =IF($B55="","",IF(AND(OR(CARI!$C$5="",ISNUMBER(SEARCH(CARI!$C$5,$B55&" "&$C55&" "&$D55&" "&$O55&" "&$I55&" "&$F55&" "&$J55&" "&$K55&" "&$L55&" "&$V55))),OR(CARI!$C$6="",$F55=CARI!$C$6),OR(CARI!$C$7="",$G55=CARI!$C$7),OR(CARI!$C$8="",$T55=CARI!$C$8)),MAX($Z$3:Z54)+1,"")) -> 52 | AA55: =IF($Y55="","",MAX($AA$3:AA54)+1) -> 52 | AB55: =IF($F55="","",$F55&"#"&COUNTIF($F$4:$F55,$F55)) -> Kp. Gamprit#18 | AC55: =IF($B55="","",IF(AND(OR(CETAK!$J$10="",$F55=CETAK!$J$10),OR(CETAK!$J$11="",$G55=CETAK!$J$11),OR(CETAK!$J$12="",$P55=CETAK!$J$12),OR(CETAK!$J$13="",$N55=CETAK!$J$13),OR(CETAK!$J$14="",$T55=CETAK!$J$14)),MAX($AC$3:AC54)+1,"")) -> 52 | AD55: =IF($B55="","",IF(AND(OR(ABSENSI!$H$10="",$F55=ABSENSI!$H$10),OR(ABSENSI!$H$11="",$G55=ABSENSI!$H$11),OR(ABSENSI!$H$12="",$P55=ABSENSI!$H$12)),MAX($AD$3:AD54)+1,"")) -> 52 | AE55: =IF($B55="","",IF(AND(OR(KARTU!$K$6="",$F55=KARTU!$K$6),OR(KARTU!$K$7="",$G55=KARTU!$K$7),OR(KARTU!$K$8="",$P55=KARTU!$K$8)),MAX($AE$3:AE54)+1,"")) -> 52
A56: =IF($B56="","",COUNTA($B$4:$B56)) | M56: =IF($F56="","",$F56&IF($G56="",""," - RT "&$G56&IF($H56="","","/"&$H56))) | R56: =IF(OR($B56="",$Q56=""),"",DATEDIF($Q56,TODAY(),"Y")) | S56: =IF($R56="","",INDEX(usia_label,MATCH($R56,usia_min,1))) | X56: =IF($M56="","",$M56&"#"&COUNTIF($M$4:$M56,$M56)) | Y56: =IF($B56="","",IF($C56="","NIK kosong",IF(LEN($C56)<>16,"NIK bukan 16 digit",IF(COUNTIF($C$4:$C$2003,$C56&"*")>1,"NIK ganda",IF(AND($D56<>"",LEN($D56)<>16),"No. KK bukan 16 digit",IF(AND($F56="",$I56=""),"Alamat kosong",IF($N56="","Jabatan kosong",IF($O56="","No. HP kosong",IF(AND($R56<>"",$R56<17),"Usia di bawah 17",""))))))))) | Z56: =IF($B56="","",IF(AND(OR(CARI!$C$5="",ISNUMBER(SEARCH(CARI!$C$5,$B56&" "&$C56&" "&$D56&" "&$O56&" "&$I56&" "&$F56&" "&$J56&" "&$K56&" "&$L56&" "&$V56))),OR(CARI!$C$6="",$F56=CARI!$C$6),OR(CARI!$C$7="",$G56=CARI!$C$7),OR(CARI!$C$8="",$T56=CARI!$C$8)),MAX($Z$3:Z55)+1,"")) | AA56: =IF($Y56="","",MAX($AA$3:AA55)+1) | AB56: =IF($F56="","",$F56&"#"&COUNTIF($F$4:$F56,$F56)) | AC56: =IF($B56="","",IF(AND(OR(CETAK!$J$10="",$F56=CETAK!$J$10),OR(CETAK!$J$11="",$G56=CETAK!$J$11),OR(CETAK!$J$12="",$P56=CETAK!$J$12),OR(CETAK!$J$13="",$N56=CETAK!$J$13),OR(CETAK!$J$14="",$T56=CETAK!$J$14)),MAX($AC$3:AC55)+1,"")) | AD56: =IF($B56="","",IF(AND(OR(ABSENSI!$H$10="",$F56=ABSENSI!$H$10),OR(ABSENSI!$H$11="",$G56=ABSENSI!$H$11),OR(ABSENSI!$H$12="",$P56=ABSENSI!$H$12)),MAX($AD$3:AD55)+1,"")) | AE56: =IF($B56="","",IF(AND(OR(KARTU!$K$6="",$F56=KARTU!$K$6),OR(KARTU!$K$7="",$G56=KARTU!$K$7),OR(KARTU!$K$8="",$P56=KARTU!$K$8)),MAX($AE$3:AE55)+1,""))
A57: =IF($B57="","",COUNTA($B$4:$B57)) | M57: =IF($F57="","",$F57&IF($G57="",""," - RT "&$G57&IF($H57="","","/"&$H57))) | R57: =IF(OR($B57="",$Q57=""),"",DATEDIF($Q57,TODAY(),"Y")) | S57: =IF($R57="","",INDEX(usia_label,MATCH($R57,usia_min,1))) | X57: =IF($M57="","",$M57&"#"&COUNTIF($M$4:$M57,$M57)) | Y57: =IF($B57="","",IF($C57="","NIK kosong",IF(LEN($C57)<>16,"NIK bukan 16 digit",IF(COUNTIF($C$4:$C$2003,$C57&"*")>1,"NIK ganda",IF(AND($D57<>"",LEN($D57)<>16),"No. KK bukan 16 digit",IF(AND($F57="",$I57=""),"Alamat kosong",IF($N57="","Jabatan kosong",IF($O57="","No. HP kosong",IF(AND($R57<>"",$R57<17),"Usia di bawah 17",""))))))))) | Z57: =IF($B57="","",IF(AND(OR(CARI!$C$5="",ISNUMBER(SEARCH(CARI!$C$5,$B57&" "&$C57&" "&$D57&" "&$O57&" "&$I57&" "&$F57&" "&$J57&" "&$K57&" "&$L57&" "&$V57))),OR(CARI!$C$6="",$F57=CARI!$C$6),OR(CARI!$C$7="",$G57=CARI!$C$7),OR(CARI!$C$8="",$T57=CARI!$C$8)),MAX($Z$3:Z56)+1,"")) | AA57: =IF($Y57="","",MAX($AA$3:AA56)+1) | AB57: =IF($F57="","",$F57&"#"&COUNTIF($F$4:$F57,$F57)) | AC57: =IF($B57="","",IF(AND(OR(CETAK!$J$10="",$F57=CETAK!$J$10),OR(CETAK!$J$11="",$G57=CETAK!$J$11),OR(CETAK!$J$12="",$P57=CETAK!$J$12),OR(CETAK!$J$13="",$N57=CETAK!$J$13),OR(CETAK!$J$14="",$T57=CETAK!$J$14)),MAX($AC$3:AC56)+1,"")) | AD57: =IF($B57="","",IF(AND(OR(ABSENSI!$H$10="",$F57=ABSENSI!$H$10),OR(ABSENSI!$H$11="",$G57=ABSENSI!$H$11),OR(ABSENSI!$H$12="",$P57=ABSENSI!$H$12)),MAX($AD$3:AD56)+1,"")) | AE57: =IF($B57="","",IF(AND(OR(KARTU!$K$6="",$F57=KARTU!$K$6),OR(KARTU!$K$7="",$G57=KARTU!$K$7),OR(KARTU!$K$8="",$P57=KARTU!$K$8)),MAX($AE$3:AE56)+1,""))
A58: =IF($B58="","",COUNTA($B$4:$B58)) | M58: =IF($F58="","",$F58&IF($G58="",""," - RT "&$G58&IF($H58="","","/"&$H58))) | R58: =IF(OR($B58="",$Q58=""),"",DATEDIF($Q58,TODAY(),"Y")) | S58: =IF($R58="","",INDEX(usia_label,MATCH($R58,usia_min,1))) | X58: =IF($M58="","",$M58&"#"&COUNTIF($M$4:$M58,$M58)) | Y58: =IF($B58="","",IF($C58="","NIK kosong",IF(LEN($C58)<>16,"NIK bukan 16 digit",IF(COUNTIF($C$4:$C$2003,$C58&"*")>1,"NIK ganda",IF(AND($D58<>"",LEN($D58)<>16),"No. KK bukan 16 digit",IF(AND($F58="",$I58=""),"Alamat kosong",IF($N58="","Jabatan kosong",IF($O58="","No. HP kosong",IF(AND($R58<>"",$R58<17),"Usia di bawah 17",""))))))))) | Z58: =IF($B58="","",IF(AND(OR(CARI!$C$5="",ISNUMBER(SEARCH(CARI!$C$5,$B58&" "&$C58&" "&$D58&" "&$O58&" "&$I58&" "&$F58&" "&$J58&" "&$K58&" "&$L58&" "&$V58))),OR(CARI!$C$6="",$F58=CARI!$C$6),OR(CARI!$C$7="",$G58=CARI!$C$7),OR(CARI!$C$8="",$T58=CARI!$C$8)),MAX($Z$3:Z57)+1,"")) | AA58: =IF($Y58="","",MAX($AA$3:AA57)+1) | AB58: =IF($F58="","",$F58&"#"&COUNTIF($F$4:$F58,$F58)) | AC58: =IF($B58="","",IF(AND(OR(CETAK!$J$10="",$F58=CETAK!$J$10),OR(CETAK!$J$11="",$G58=CETAK!$J$11),OR(CETAK!$J$12="",$P58=CETAK!$J$12),OR(CETAK!$J$13="",$N58=CETAK!$J$13),OR(CETAK!$J$14="",$T58=CETAK!$J$14)),MAX($AC$3:AC57)+1,"")) | AD58: =IF($B58="","",IF(AND(OR(ABSENSI!$H$10="",$F58=ABSENSI!$H$10),OR(ABSENSI!$H$11="",$G58=ABSENSI!$H$11),OR(ABSENSI!$H$12="",$P58=ABSENSI!$H$12)),MAX($AD$3:AD57)+1,"")) | AE58: =IF($B58="","",IF(AND(OR(KARTU!$K$6="",$F58=KARTU!$K$6),OR(KARTU!$K$7="",$G58=KARTU!$K$7),OR(KARTU!$K$8="",$P58=KARTU!$K$8)),MAX($AE$3:AE57)+1,""))
A59: =IF($B59="","",COUNTA($B$4:$B59)) | M59: =IF($F59="","",$F59&IF($G59="",""," - RT "&$G59&IF($H59="","","/"&$H59))) | R59: =IF(OR($B59="",$Q59=""),"",DATEDIF($Q59,TODAY(),"Y")) | S59: =IF($R59="","",INDEX(usia_label,MATCH($R59,usia_min,1))) | X59: =IF($M59="","",$M59&"#"&COUNTIF($M$4:$M59,$M59)) | Y59: =IF($B59="","",IF($C59="","NIK kosong",IF(LEN($C59)<>16,"NIK bukan 16 digit",IF(COUNTIF($C$4:$C$2003,$C59&"*")>1,"NIK ganda",IF(AND($D59<>"",LEN($D59)<>16),"No. KK bukan 16 digit",IF(AND($F59="",$I59=""),"Alamat kosong",IF($N59="","Jabatan kosong",IF($O59="","No. HP kosong",IF(AND($R59<>"",$R59<17),"Usia di bawah 17",""))))))))) | Z59: =IF($B59="","",IF(AND(OR(CARI!$C$5="",ISNUMBER(SEARCH(CARI!$C$5,$B59&" "&$C59&" "&$D59&" "&$O59&" "&$I59&" "&$F59&" "&$J59&" "&$K59&" "&$L59&" "&$V59))),OR(CARI!$C$6="",$F59=CARI!$C$6),OR(CARI!$C$7="",$G59=CARI!$C$7),OR(CARI!$C$8="",$T59=CARI!$C$8)),MAX($Z$3:Z58)+1,"")) | AA59: =IF($Y59="","",MAX($AA$3:AA58)+1) | AB59: =IF($F59="","",$F59&"#"&COUNTIF($F$4:$F59,$F59)) | AC59: =IF($B59="","",IF(AND(OR(CETAK!$J$10="",$F59=CETAK!$J$10),OR(CETAK!$J$11="",$G59=CETAK!$J$11),OR(CETAK!$J$12="",$P59=CETAK!$J$12),OR(CETAK!$J$13="",$N59=CETAK!$J$13),OR(CETAK!$J$14="",$T59=CETAK!$J$14)),MAX($AC$3:AC58)+1,"")) | AD59: =IF($B59="","",IF(AND(OR(ABSENSI!$H$10="",$F59=ABSENSI!$H$10),OR(ABSENSI!$H$11="",$G59=ABSENSI!$H$11),OR(ABSENSI!$H$12="",$P59=ABSENSI!$H$12)),MAX($AD$3:AD58)+1,"")) | AE59: =IF($B59="","",IF(AND(OR(KARTU!$K$6="",$F59=KARTU!$K$6),OR(KARTU!$K$7="",$G59=KARTU!$K$7),OR(KARTU!$K$8="",$P59=KARTU!$K$8)),MAX($AE$3:AE58)+1,""))
A60: =IF($B60="","",COUNTA($B$4:$B60)) | M60: =IF($F60="","",$F60&IF($G60="",""," - RT "&$G60&IF($H60="","","/"&$H60))) | R60: =IF(OR($B60="",$Q60=""),"",DATEDIF($Q60,TODAY(),"Y")) | S60: =IF($R60="","",INDEX(usia_label,MATCH($R60,usia_min,1))) | X60: =IF($M60="","",$M60&"#"&COUNTIF($M$4:$M60,$M60)) | Y60: =IF($B60="","",IF($C60="","NIK kosong",IF(LEN($C60)<>16,"NIK bukan 16 digit",IF(COUNTIF($C$4:$C$2003,$C60&"*")>1,"NIK ganda",IF(AND($D60<>"",LEN($D60)<>16),"No. KK bukan 16 digit",IF(AND($F60="",$I60=""),"Alamat kosong",IF($N60="","Jabatan kosong",IF($O60="","No. HP kosong",IF(AND($R60<>"",$R60<17),"Usia di bawah 17",""))))))))) | Z60: =IF($B60="","",IF(AND(OR(CARI!$C$5="",ISNUMBER(SEARCH(CARI!$C$5,$B60&" "&$C60&" "&$D60&" "&$O60&" "&$I60&" "&$F60&" "&$J60&" "&$K60&" "&$L60&" "&$V60))),OR(CARI!$C$6="",$F60=CARI!$C$6),OR(CARI!$C$7="",$G60=CARI!$C$7),OR(CARI!$C$8="",$T60=CARI!$C$8)),MAX($Z$3:Z59)+1,"")) | AA60: =IF($Y60="","",MAX($AA$3:AA59)+1) | AB60: =IF($F60="","",$F60&"#"&COUNTIF($F$4:$F60,$F60)) | AC60: =IF($B60="","",IF(AND(OR(CETAK!$J$10="",$F60=CETAK!$J$10),OR(CETAK!$J$11="",$G60=CETAK!$J$11),OR(CETAK!$J$12="",$P60=CETAK!$J$12),OR(CETAK!$J$13="",$N60=CETAK!$J$13),OR(CETAK!$J$14="",$T60=CETAK!$J$14)),MAX($AC$3:AC59)+1,"")) | AD60: =IF($B60="","",IF(AND(OR(ABSENSI!$H$10="",$F60=ABSENSI!$H$10),OR(ABSENSI!$H$11="",$G60=ABSENSI!$H$11),OR(ABSENSI!$H$12="",$P60=ABSENSI!$H$12)),MAX($AD$3:AD59)+1,"")) | AE60: =IF($B60="","",IF(AND(OR(KARTU!$K$6="",$F60=KARTU!$K$6),OR(KARTU!$K$7="",$G60=KARTU!$K$7),OR(KARTU!$K$8="",$P60=KARTU!$K$8)),MAX($AE$3:AE59)+1,""))
A61: =IF($B61="","",COUNTA($B$4:$B61)) | M61: =IF($F61="","",$F61&IF($G61="",""," - RT "&$G61&IF($H61="","","/"&$H61))) | R61: =IF(OR($B61="",$Q61=""),"",DATEDIF($Q61,TODAY(),"Y")) | S61: =IF($R61="","",INDEX(usia_label,MATCH($R61,usia_min,1))) | X61: =IF($M61="","",$M61&"#"&COUNTIF($M$4:$M61,$M61)) | Y61: =IF($B61="","",IF($C61="","NIK kosong",IF(LEN($C61)<>16,"NIK bukan 16 digit",IF(COUNTIF($C$4:$C$2003,$C61&"*")>1,"NIK ganda",IF(AND($D61<>"",LEN($D61)<>16),"No. KK bukan 16 digit",IF(AND($F61="",$I61=""),"Alamat kosong",IF($N61="","Jabatan kosong",IF($O61="","No. HP kosong",IF(AND($R61<>"",$R61<17),"Usia di bawah 17",""))))))))) | Z61: =IF($B61="","",IF(AND(OR(CARI!$C$5="",ISNUMBER(SEARCH(CARI!$C$5,$B61&" "&$C61&" "&$D61&" "&$O61&" "&$I61&" "&$F61&" "&$J61&" "&$K61&" "&$L61&" "&$V61))),OR(CARI!$C$6="",$F61=CARI!$C$6),OR(CARI!$C$7="",$G61=CARI!$C$7),OR(CARI!$C$8="",$T61=CARI!$C$8)),MAX($Z$3:Z60)+1,"")) | AA61: =IF($Y61="","",MAX($AA$3:AA60)+1) | AB61: =IF($F61="","",$F61&"#"&COUNTIF($F$4:$F61,$F61)) | AC61: =IF($B61="","",IF(AND(OR(CETAK!$J$10="",$F61=CETAK!$J$10),OR(CETAK!$J$11="",$G61=CETAK!$J$11),OR(CETAK!$J$12="",$P61=CETAK!$J$12),OR(CETAK!$J$13="",$N61=CETAK!$J$13),OR(CETAK!$J$14="",$T61=CETAK!$J$14)),MAX($AC$3:AC60)+1,"")) | AD61: =IF($B61="","",IF(AND(OR(ABSENSI!$H$10="",$F61=ABSENSI!$H$10),OR(ABSENSI!$H$11="",$G61=ABSENSI!$H$11),OR(ABSENSI!$H$12="",$P61=ABSENSI!$H$12)),MAX($AD$3:AD60)+1,"")) | AE61: =IF($B61="","",IF(AND(OR(KARTU!$K$6="",$F61=KARTU!$K$6),OR(KARTU!$K$7="",$G61=KARTU!$K$7),OR(KARTU!$K$8="",$P61=KARTU!$K$8)),MAX($AE$3:AE60)+1,""))
A62: =IF($B62="","",COUNTA($B$4:$B62)) | M62: =IF($F62="","",$F62&IF($G62="",""," - RT "&$G62&IF($H62="","","/"&$H62))) | R62: =IF(OR($B62="",$Q62=""),"",DATEDIF($Q62,TODAY(),"Y")) | S62: =IF($R62="","",INDEX(usia_label,MATCH($R62,usia_min,1))) | X62: =IF($M62="","",$M62&"#"&COUNTIF($M$4:$M62,$M62)) | Y62: =IF($B62="","",IF($C62="","NIK kosong",IF(LEN($C62)<>16,"NIK bukan 16 digit",IF(COUNTIF($C$4:$C$2003,$C62&"*")>1,"NIK ganda",IF(AND($D62<>"",LEN($D62)<>16),"No. KK bukan 16 digit",IF(AND($F62="",$I62=""),"Alamat kosong",IF($N62="","Jabatan kosong",IF($O62="","No. HP kosong",IF(AND($R62<>"",$R62<17),"Usia di bawah 17",""))))))))) | Z62: =IF($B62="","",IF(AND(OR(CARI!$C$5="",ISNUMBER(SEARCH(CARI!$C$5,$B62&" "&$C62&" "&$D62&" "&$O62&" "&$I62&" "&$F62&" "&$J62&" "&$K62&" "&$L62&" "&$V62))),OR(CARI!$C$6="",$F62=CARI!$C$6),OR(CARI!$C$7="",$G62=CARI!$C$7),OR(CARI!$C$8="",$T62=CARI!$C$8)),MAX($Z$3:Z61)+1,"")) | AA62: =IF($Y62="","",MAX($AA$3:AA61)+1) | AB62: =IF($F62="","",$F62&"#"&COUNTIF($F$4:$F62,$F62)) | AC62: =IF($B62="","",IF(AND(OR(CETAK!$J$10="",$F62=CETAK!$J$10),OR(CETAK!$J$11="",$G62=CETAK!$J$11),OR(CETAK!$J$12="",$P62=CETAK!$J$12),OR(CETAK!$J$13="",$N62=CETAK!$J$13),OR(CETAK!$J$14="",$T62=CETAK!$J$14)),MAX($AC$3:AC61)+1,"")) | AD62: =IF($B62="","",IF(AND(OR(ABSENSI!$H$10="",$F62=ABSENSI!$H$10),OR(ABSENSI!$H$11="",$G62=ABSENSI!$H$11),OR(ABSENSI!$H$12="",$P62=ABSENSI!$H$12)),MAX($AD$3:AD61)+1,"")) | AE62: =IF($B62="","",IF(AND(OR(KARTU!$K$6="",$F62=KARTU!$K$6),OR(KARTU!$K$7="",$G62=KARTU!$K$7),OR(KARTU!$K$8="",$P62=KARTU!$K$8)),MAX($AE$3:AE61)+1,""))
A63: =IF($B63="","",COUNTA($B$4:$B63)) | M63: =IF($F63="","",$F63&IF($G63="",""," - RT "&$G63&IF($H63="","","/"&$H63))) | R63: =IF(OR($B63="",$Q63=""),"",DATEDIF($Q63,TODAY(),"Y")) | S63: =IF($R63="","",INDEX(usia_label,MATCH($R63,usia_min,1))) | X63: =IF($M63="","",$M63&"#"&COUNTIF($M$4:$M63,$M63)) | Y63: =IF($B63="","",IF($C63="","NIK kosong",IF(LEN($C63)<>16,"NIK bukan 16 digit",IF(COUNTIF($C$4:$C$2003,$C63&"*")>1,"NIK ganda",IF(AND($D63<>"",LEN($D63)<>16),"No. KK bukan 16 digit",IF(AND($F63="",$I63=""),"Alamat kosong",IF($N63="","Jabatan kosong",IF($O63="","No. HP kosong",IF(AND($R63<>"",$R63<17),"Usia di bawah 17",""))))))))) | Z63: =IF($B63="","",IF(AND(OR(CARI!$C$5="",ISNUMBER(SEARCH(CARI!$C$5,$B63&" "&$C63&" "&$D63&" "&$O63&" "&$I63&" "&$F63&" "&$J63&" "&$K63&" "&$L63&" "&$V63))),OR(CARI!$C$6="",$F63=CARI!$C$6),OR(CARI!$C$7="",$G63=CARI!$C$7),OR(CARI!$C$8="",$T63=CARI!$C$8)),MAX($Z$3:Z62)+1,"")) | AA63: =IF($Y63="","",MAX($AA$3:AA62)+1) | AB63: =IF($F63="","",$F63&"#"&COUNTIF($F$4:$F63,$F63)) | AC63: =IF($B63="","",IF(AND(OR(CETAK!$J$10="",$F63=CETAK!$J$10),OR(CETAK!$J$11="",$G63=CETAK!$J$11),OR(CETAK!$J$12="",$P63=CETAK!$J$12),OR(CETAK!$J$13="",$N63=CETAK!$J$13),OR(CETAK!$J$14="",$T63=CETAK!$J$14)),MAX($AC$3:AC62)+1,"")) | AD63: =IF($B63="","",IF(AND(OR(ABSENSI!$H$10="",$F63=ABSENSI!$H$10),OR(ABSENSI!$H$11="",$G63=ABSENSI!$H$11),OR(ABSENSI!$H$12="",$P63=ABSENSI!$H$12)),MAX($AD$3:AD62)+1,"")) | AE63: =IF($B63="","",IF(AND(OR(KARTU!$K$6="",$F63=KARTU!$K$6),OR(KARTU!$K$7="",$G63=KARTU!$K$7),OR(KARTU!$K$8="",$P63=KARTU!$K$8)),MAX($AE$3:AE62)+1,""))
A64: =IF($B64="","",COUNTA($B$4:$B64)) | M64: =IF($F64="","",$F64&IF($G64="",""," - RT "&$G64&IF($H64="","","/"&$H64))) | R64: =IF(OR($B64="",$Q64=""),"",DATEDIF($Q64,TODAY(),"Y")) | S64: =IF($R64="","",INDEX(usia_label,MATCH($R64,usia_min,1))) | X64: =IF($M64="","",$M64&"#"&COUNTIF($M$4:$M64,$M64)) | Y64: =IF($B64="","",IF($C64="","NIK kosong",IF(LEN($C64)<>16,"NIK bukan 16 digit",IF(COUNTIF($C$4:$C$2003,$C64&"*")>1,"NIK ganda",IF(AND($D64<>"",LEN($D64)<>16),"No. KK bukan 16 digit",IF(AND($F64="",$I64=""),"Alamat kosong",IF($N64="","Jabatan kosong",IF($O64="","No. HP kosong",IF(AND($R64<>"",$R64<17),"Usia di bawah 17",""))))))))) | Z64: =IF($B64="","",IF(AND(OR(CARI!$C$5="",ISNUMBER(SEARCH(CARI!$C$5,$B64&" "&$C64&" "&$D64&" "&$O64&" "&$I64&" "&$F64&" "&$J64&" "&$K64&" "&$L64&" "&$V64))),OR(CARI!$C$6="",$F64=CARI!$C$6),OR(CARI!$C$7="",$G64=CARI!$C$7),OR(CARI!$C$8="",$T64=CARI!$C$8)),MAX($Z$3:Z63)+1,"")) | AA64: =IF($Y64="","",MAX($AA$3:AA63)+1) | AB64: =IF($F64="","",$F64&"#"&COUNTIF($F$4:$F64,$F64)) | AC64: =IF($B64="","",IF(AND(OR(CETAK!$J$10="",$F64=CETAK!$J$10),OR(CETAK!$J$11="",$G64=CETAK!$J$11),OR(CETAK!$J$12="",$P64=CETAK!$J$12),OR(CETAK!$J$13="",$N64=CETAK!$J$13),OR(CETAK!$J$14="",$T64=CETAK!$J$14)),MAX($AC$3:AC63)+1,"")) | AD64: =IF($B64="","",IF(AND(OR(ABSENSI!$H$10="",$F64=ABSENSI!$H$10),OR(ABSENSI!$H$11="",$G64=ABSENSI!$H$11),OR(ABSENSI!$H$12="",$P64=ABSENSI!$H$12)),MAX($AD$3:AD63)+1,"")) | AE64: =IF($B64="","",IF(AND(OR(KARTU!$K$6="",$F64=KARTU!$K$6),OR(KARTU!$K$7="",$G64=KARTU!$K$7),OR(KARTU!$K$8="",$P64=KARTU!$K$8)),MAX($AE$3:AE63)+1,""))
A65: =IF($B65="","",COUNTA($B$4:$B65)) | M65: =IF($F65="","",$F65&IF($G65="",""," - RT "&$G65&IF($H65="","","/"&$H65))) | R65: =IF(OR($B65="",$Q65=""),"",DATEDIF($Q65,TODAY(),"Y")) | S65: =IF($R65="","",INDEX(usia_label,MATCH($R65,usia_min,1))) | X65: =IF($M65="","",$M65&"#"&COUNTIF($M$4:$M65,$M65)) | Y65: =IF($B65="","",IF($C65="","NIK kosong",IF(LEN($C65)<>16,"NIK bukan 16 digit",IF(COUNTIF($C$4:$C$2003,$C65&"*")>1,"NIK ganda",IF(AND($D65<>"",LEN($D65)<>16),"No. KK bukan 16 digit",IF(AND($F65="",$I65=""),"Alamat kosong",IF($N65="","Jabatan kosong",IF($O65="","No. HP kosong",IF(AND($R65<>"",$R65<17),"Usia di bawah 17",""))))))))) | Z65: =IF($B65="","",IF(AND(OR(CARI!$C$5="",ISNUMBER(SEARCH(CARI!$C$5,$B65&" "&$C65&" "&$D65&" "&$O65&" "&$I65&" "&$F65&" "&$J65&" "&$K65&" "&$L65&" "&$V65))),OR(CARI!$C$6="",$F65=CARI!$C$6),OR(CARI!$C$7="",$G65=CARI!$C$7),OR(CARI!$C$8="",$T65=CARI!$C$8)),MAX($Z$3:Z64)+1,"")) | AA65: =IF($Y65="","",MAX($AA$3:AA64)+1) | AB65: =IF($F65="","",$F65&"#"&COUNTIF($F$4:$F65,$F65)) | AC65: =IF($B65="","",IF(AND(OR(CETAK!$J$10="",$F65=CETAK!$J$10),OR(CETAK!$J$11="",$G65=CETAK!$J$11),OR(CETAK!$J$12="",$P65=CETAK!$J$12),OR(CETAK!$J$13="",$N65=CETAK!$J$13),OR(CETAK!$J$14="",$T65=CETAK!$J$14)),MAX($AC$3:AC64)+1,"")) | AD65: =IF($B65="","",IF(AND(OR(ABSENSI!$H$10="",$F65=ABSENSI!$H$10),OR(ABSENSI!$H$11="",$G65=ABSENSI!$H$11),OR(ABSENSI!$H$12="",$P65=ABSENSI!$H$12)),MAX($AD$3:AD64)+1,"")) | AE65: =IF($B65="","",IF(AND(OR(KARTU!$K$6="",$F65=KARTU!$K$6),OR(KARTU!$K$7="",$G65=KARTU!$K$7),OR(KARTU!$K$8="",$P65=KARTU!$K$8)),MAX($AE$3:AE64)+1,""))
A66: =IF($B66="","",COUNTA($B$4:$B66)) | M66: =IF($F66="","",$F66&IF($G66="",""," - RT "&$G66&IF($H66="","","/"&$H66))) | R66: =IF(OR($B66="",$Q66=""),"",DATEDIF($Q66,TODAY(),"Y")) | S66: =IF($R66="","",INDEX(usia_label,MATCH($R66,usia_min,1))) | X66: =IF($M66="","",$M66&"#"&COUNTIF($M$4:$M66,$M66)) | Y66: =IF($B66="","",IF($C66="","NIK kosong",IF(LEN($C66)<>16,"NIK bukan 16 digit",IF(COUNTIF($C$4:$C$2003,$C66&"*")>1,"NIK ganda",IF(AND($D66<>"",LEN($D66)<>16),"No. KK bukan 16 digit",IF(AND($F66="",$I66=""),"Alamat kosong",IF($N66="","Jabatan kosong",IF($O66="","No. HP kosong",IF(AND($R66<>"",$R66<17),"Usia di bawah 17",""))))))))) | Z66: =IF($B66="","",IF(AND(OR(CARI!$C$5="",ISNUMBER(SEARCH(CARI!$C$5,$B66&" "&$C66&" "&$D66&" "&$O66&" "&$I66&" "&$F66&" "&$J66&" "&$K66&" "&$L66&" "&$V66))),OR(CARI!$C$6="",$F66=CARI!$C$6),OR(CARI!$C$7="",$G66=CARI!$C$7),OR(CARI!$C$8="",$T66=CARI!$C$8)),MAX($Z$3:Z65)+1,"")) | AA66: =IF($Y66="","",MAX($AA$3:AA65)+1) | AB66: =IF($F66="","",$F66&"#"&COUNTIF($F$4:$F66,$F66)) | AC66: =IF($B66="","",IF(AND(OR(CETAK!$J$10="",$F66=CETAK!$J$10),OR(CETAK!$J$11="",$G66=CETAK!$J$11),OR(CETAK!$J$12="",$P66=CETAK!$J$12),OR(CETAK!$J$13="",$N66=CETAK!$J$13),OR(CETAK!$J$14="",$T66=CETAK!$J$14)),MAX($AC$3:AC65)+1,"")) | AD66: =IF($B66="","",IF(AND(OR(ABSENSI!$H$10="",$F66=ABSENSI!$H$10),OR(ABSENSI!$H$11="",$G66=ABSENSI!$H$11),OR(ABSENSI!$H$12="",$P66=ABSENSI!$H$12)),MAX($AD$3:AD65)+1,"")) | AE66: =IF($B66="","",IF(AND(OR(KARTU!$K$6="",$F66=KARTU!$K$6),OR(KARTU!$K$7="",$G66=KARTU!$K$7),OR(KARTU!$K$8="",$P66=KARTU!$K$8)),MAX($AE$3:AE65)+1,""))
A67: =IF($B67="","",COUNTA($B$4:$B67)) | M67: =IF($F67="","",$F67&IF($G67="",""," - RT "&$G67&IF($H67="","","/"&$H67))) | R67: =IF(OR($B67="",$Q67=""),"",DATEDIF($Q67,TODAY(),"Y")) | S67: =IF($R67="","",INDEX(usia_label,MATCH($R67,usia_min,1))) | X67: =IF($M67="","",$M67&"#"&COUNTIF($M$4:$M67,$M67)) | Y67: =IF($B67="","",IF($C67="","NIK kosong",IF(LEN($C67)<>16,"NIK bukan 16 digit",IF(COUNTIF($C$4:$C$2003,$C67&"*")>1,"NIK ganda",IF(AND($D67<>"",LEN($D67)<>16),"No. KK bukan 16 digit",IF(AND($F67="",$I67=""),"Alamat kosong",IF($N67="","Jabatan kosong",IF($O67="","No. HP kosong",IF(AND($R67<>"",$R67<17),"Usia di bawah 17",""))))))))) | Z67: =IF($B67="","",IF(AND(OR(CARI!$C$5="",ISNUMBER(SEARCH(CARI!$C$5,$B67&" "&$C67&" "&$D67&" "&$O67&" "&$I67&" "&$F67&" "&$J67&" "&$K67&" "&$L67&" "&$V67))),OR(CARI!$C$6="",$F67=CARI!$C$6),OR(CARI!$C$7="",$G67=CARI!$C$7),OR(CARI!$C$8="",$T67=CARI!$C$8)),MAX($Z$3:Z66)+1,"")) | AA67: =IF($Y67="","",MAX($AA$3:AA66)+1) | AB67: =IF($F67="","",$F67&"#"&COUNTIF($F$4:$F67,$F67)) | AC67: =IF($B67="","",IF(AND(OR(CETAK!$J$10="",$F67=CETAK!$J$10),OR(CETAK!$J$11="",$G67=CETAK!$J$11),OR(CETAK!$J$12="",$P67=CETAK!$J$12),OR(CETAK!$J$13="",$N67=CETAK!$J$13),OR(CETAK!$J$14="",$T67=CETAK!$J$14)),MAX($AC$3:AC66)+1,"")) | AD67: =IF($B67="","",IF(AND(OR(ABSENSI!$H$10="",$F67=ABSENSI!$H$10),OR(ABSENSI!$H$11="",$G67=ABSENSI!$H$11),OR(ABSENSI!$H$12="",$P67=ABSENSI!$H$12)),MAX($AD$3:AD66)+1,"")) | AE67: =IF($B67="","",IF(AND(OR(KARTU!$K$6="",$F67=KARTU!$K$6),OR(KARTU!$K$7="",$G67=KARTU!$K$7),OR(KARTU!$K$8="",$P67=KARTU!$K$8)),MAX($AE$3:AE66)+1,""))
... A2003: =IF($B2003="","",COUNTA($B$4:$B2003)) | M2003: =IF($F2003="","",$F2003&IF($G2003="",""," - RT "&$G2003&IF($H2003="","","/"&$H2003))) | R2003: =IF(OR($B2003="",$Q2003=""),"",DATEDIF($Q2003,TODAY(),"Y")) | S2003: =IF($R2003="","",INDEX(usia_label,MATCH($R2003,usia_min,1))) | X2003: =IF($M2003="","",$M2003&"#"&COUNTIF($M$4:$M2003,$M2003)) | Y2003: =IF($B2003="","",IF($C2003="","NIK kosong",IF(LEN($C2003)<>16,"NIK bukan 16 digit",IF(COUNTIF($C$4:$C$2003,$C2003&"*")>1,"NIK ganda",IF(AND($D2003<>"",LEN($D2003)<>16),"No. KK bukan 16 digit",IF(AND($F2003="",$I2003=""),"Alamat kosong",IF($N2003="","Jabatan kosong",IF($O2003="","No. HP kosong",IF(AND($R2003<>"",$R2003<17),"Usia di bawah 17",""))))))))) | Z2003: =IF($B2003="","",IF(AND(OR(CARI!$C$5="",ISNUMBER(SEARCH(CARI!$C$5,$B2003&" "&$C2003&" "&$D2003&" "&$O2003&" "&$I2003&" "&$F2003&" "&$J2003&" "&$K2003&" "&$L2003&" "&$V2003))),OR(CARI!$C$6="",$F2003=CARI!$C$6),OR(CARI!$C$7="",$G2003=CARI!$C$7),OR(CARI!$C$8="",$T2003=CARI!$C$8)),MAX($Z$3:Z2002)+1,"")) | AA2003: =IF($Y2003="","",MAX($AA$3:AA2002)+1) | AB2003: =IF($F2003="","",$F2003&"#"&COUNTIF($F$4:$F2003,$F2003)) | AC2003: =IF($B2003="","",IF(AND(OR(CETAK!$J$10="",$F2003=CETAK!$J$10),OR(CETAK!$J$11="",$G2003=CETAK!$J$11),OR(CETAK!$J$12="",$P2003=CETAK!$J$12),OR(CETAK!$J$13="",$N2003=CETAK!$J$13),OR(CETAK!$J$14="",$T2003=CETAK!$J$14)),MAX($AC$3:AC2002)+1,"")) | AD2003: =IF($B2003="","",IF(AND(OR(ABSENSI!$H$10="",$F2003=ABSENSI!$H$10),OR(ABSENSI!$H$11="",$G2003=ABSENSI!$H$11),OR(ABSENSI!$H$12="",$P2003=ABSENSI!$H$12)),MAX($AD$3:AD2002)+1,"")) | AE2003: =IF($B2003="","",IF(AND(OR(KARTU!$K$6="",$F2003=KARTU!$K$6),OR(KARTU!$K$7="",$G2003=KARTU!$K$7),OR(KARTU!$K$8="",$P2003=KARTU!$K$8)),MAX($AE$3:AE2002)+1,""))

Sheet CARI
A1: CARI DATA ANGGOTA
A2: ◀ MENU | C2: Ketik sebagian nama / NIK / no. HP / alamat pada sel kuning. Hasil muncul seketika.
B4: ▌ KRITERIA PENCARIAN
B5: KATA KUNCI | D5: ◀ ketik sebagian nama, NIK, no. HP, alamat, atau perekrut
B6: FILTER KADUS | D6: ◀ kosongkan = semua Kadus
B7: FILTER RT | D7: ◀ kosongkan = semua RT
B8: FILTER STATUS | D8: ◀ kosongkan = semua status
B10: DITEMUKAN | C10: =COUNT(DATABASE!$Z$4:$Z$2003)&" data" -> 52 data | D10: Maksimal 150 baris pertama yang ditampilkan di bawah. Persempit kata kunci bila hasil terpotong.
B12: NO | C12: NAMA LENGKAP | D12: NIK | E12: L/P | F12: KAMPUNG | G12: RT | H12: JABATAN | I12: NO. HP | J12: STATUS | K12: ALAMAT
B13: 1 | C13: =IFERROR(INDEX(DATABASE!$B$4:$B$2003,MATCH($B13,DATABASE!$Z$4:$Z$2003,0))&"","") -> GURU BADRI | D13: =IFERROR(INDEX(DATABASE!$C$4:$C$2003,MATCH($B13,DATABASE!$Z$4:$Z$2003,0))&"","") | E13: =IFERROR(INDEX(DATABASE!$E$4:$E$2003,MATCH($B13,DATABASE!$Z$4:$Z$2003,0))&"","") | F13: =IFERROR(INDEX(DATABASE!$F$4:$F$2003,MATCH($B13,DATABASE!$Z$4:$Z$2003,0))&"","") -> Kp. Tenjolaut | G13: =IFERROR(INDEX(DATABASE!$G$4:$G$2003,MATCH($B13,DATABASE!$Z$4:$Z$2003,0))&"","") -> 001 | H13: =IFERROR(INDEX(DATABASE!$N$4:$N$2003,MATCH($B13,DATABASE!$Z$4:$Z$2003,0))&"","") -> Anggota | I13: =IFERROR(INDEX(DATABASE!$O$4:$O$2003,MATCH($B13,DATABASE!$Z$4:$Z$2003,0))&"","") | J13: =IFERROR(INDEX(DATABASE!$T$4:$T$2003,MATCH($B13,DATABASE!$Z$4:$Z$2003,0))&"","") -> Aktif | K13: =IFERROR(INDEX(DATABASE!$I$4:$I$2003,MATCH($B13,DATABASE!$Z$4:$Z$2003,0))&"","")
B14: 2 | C14: =IFERROR(INDEX(DATABASE!$B$4:$B$2003,MATCH($B14,DATABASE!$Z$4:$Z$2003,0))&"","") -> IDRUS KAMSENO | D14: =IFERROR(INDEX(DATABASE!$C$4:$C$2003,MATCH($B14,DATABASE!$Z$4:$Z$2003,0))&"","") | E14: =IFERROR(INDEX(DATABASE!$E$4:$E$2003,MATCH($B14,DATABASE!$Z$4:$Z$2003,0))&"","") | F14: =IFERROR(INDEX(DATABASE!$F$4:$F$2003,MATCH($B14,DATABASE!$Z$4:$Z$2003,0))&"","") -> Kp. Gamprit | G14: =IFERROR(INDEX(DATABASE!$G$4:$G$2003,MATCH($B14,DATABASE!$Z$4:$Z$2003,0))&"","") | H14: =IFERROR(INDEX(DATABASE!$N$4:$N$2003,MATCH($B14,DATABASE!$Z$4:$Z$2003,0))&"","") -> Ketua Team | I14: =IFERROR(INDEX(DATABASE!$O$4:$O$2003,MATCH($B14,DATABASE!$Z$4:$Z$2003,0))&"","") | J14: =IFERROR(INDEX(DATABASE!$T$4:$T$2003,MATCH($B14,DATABASE!$Z$4:$Z$2003,0))&"","") -> Aktif | K14: =IFERROR(INDEX(DATABASE!$I$4:$I$2003,MATCH($B14,DATABASE!$Z$4:$Z$2003,0))&"","")
B15: 3 | C15: =IFERROR(INDEX(DATABASE!$B$4:$B$2003,MATCH($B15,DATABASE!$Z$4:$Z$2003,0))&"","") -> ALI IBRO MALISI | D15: =IFERROR(INDEX(DATABASE!$C$4:$C$2003,MATCH($B15,DATABASE!$Z$4:$Z$2003,0))&"","") | E15: =IFERROR(INDEX(DATABASE!$E$4:$E$2003,MATCH($B15,DATABASE!$Z$4:$Z$2003,0))&"","") | F15: =IFERROR(INDEX(DATABASE!$F$4:$F$2003,MATCH($B15,DATABASE!$Z$4:$Z$2003,0))&"","") -> Kp. Tenjolaut | G15: =IFERROR(INDEX(DATABASE!$G$4:$G$2003,MATCH($B15,DATABASE!$Z$4:$Z$2003,0))&"","") | H15: =IFERROR(INDEX(DATABASE!$N$4:$N$2003,MATCH($B15,DATABASE!$Z$4:$Z$2003,0))&"","") -> Anggota | I15: =IFERROR(INDEX(DATABASE!$O$4:$O$2003,MATCH($B15,DATABASE!$Z$4:$Z$2003,0))&"","") | J15: =IFERROR(INDEX(DATABASE!$T$4:$T$2003,MATCH($B15,DATABASE!$Z$4:$Z$2003,0))&"","") -> Aktif | K15: =IFERROR(INDEX(DATABASE!$I$4:$I$2003,MATCH($B15,DATABASE!$Z$4:$Z$2003,0))&"","")
B16: 4 | C16: =IFERROR(INDEX(DATABASE!$B$4:$B$2003,MATCH($B16,DATABASE!$Z$4:$Z$2003,0))&"","") -> MURDIN (BENGKUNG) | D16: =IFERROR(INDEX(DATABASE!$C$4:$C$2003,MATCH($B16,DATABASE!$Z$4:$Z$2003,0))&"","") | E16: =IFERROR(INDEX(DATABASE!$E$4:$E$2003,MATCH($B16,DATABASE!$Z$4:$Z$2003,0))&"","") | F16: =IFERROR(INDEX(DATABASE!$F$4:$F$2003,MATCH($B16,DATABASE!$Z$4:$Z$2003,0))&"","") -> Kp. Gamprit | G16: =IFERROR(INDEX(DATABASE!$G$4:$G$2003,MATCH($B16,DATABASE!$Z$4:$Z$2003,0))&"","") | H16: =IFERROR(INDEX(DATABASE!$N$4:$N$2003,MATCH($B16,DATABASE!$Z$4:$Z$2003,0))&"","") -> Anggota | I16: =IFERROR(INDEX(DATABASE!$O$4:$O$2003,MATCH($B16,DATABASE!$Z$4:$Z$2003,0))&"","") | J16: =IFERROR(INDEX(DATABASE!$T$4:$T$2003,MATCH($B16,DATABASE!$Z$4:$Z$2003,0))&"","") -> Aktif | K16: =IFERROR(INDEX(DATABASE!$I$4:$I$2003,MATCH($B16,DATABASE!$Z$4:$Z$2003,0))&"","")
B17: 5 | C17: =IFERROR(INDEX(DATABASE!$B$4:$B$2003,MATCH($B17,DATABASE!$Z$4:$Z$2003,0))&"","") -> RUSTADI | D17: =IFERROR(INDEX(DATABASE!$C$4:$C$2003,MATCH($B17,DATABASE!$Z$4:$Z$2003,0))&"","") | E17: =IFERROR(INDEX(DATABASE!$E$4:$E$2003,MATCH($B17,DATABASE!$Z$4:$Z$2003,0))&"","") | F17: =IFERROR(INDEX(DATABASE!$F$4:$F$2003,MATCH($B17,DATABASE!$Z$4:$Z$2003,0))&"","") -> Kp. Wangkal | G17: =IFERROR(INDEX(DATABASE!$G$4:$G$2003,MATCH($B17,DATABASE!$Z$4:$Z$2003,0))&"","") | H17: =IFERROR(INDEX(DATABASE!$N$4:$N$2003,MATCH($B17,DATABASE!$Z$4:$Z$2003,0))&"","") -> Anggota | I17: =IFERROR(INDEX(DATABASE!$O$4:$O$2003,MATCH($B17,DATABASE!$Z$4:$Z$2003,0))&"","") | J17: =IFERROR(INDEX(DATABASE!$T$4:$T$2003,MATCH($B17,DATABASE!$Z$4:$Z$2003,0))&"","") -> Aktif | K17: =IFERROR(INDEX(DATABASE!$I$4:$I$2003,MATCH($B17,DATABASE!$Z$4:$Z$2003,0))&"","")
B18: 6 | C18: =IFERROR(INDEX(DATABASE!$B$4:$B$2003,MATCH($B18,DATABASE!$Z$4:$Z$2003,0))&"","") -> ABDUL MANAN | D18: =IFERROR(INDEX(DATABASE!$C$4:$C$2003,MATCH($B18,DATABASE!$Z$4:$Z$2003,0))&"","") | E18: =IFERROR(INDEX(DATABASE!$E$4:$E$2003,MATCH($B18,DATABASE!$Z$4:$Z$2003,0))&"","") | F18: =IFERROR(INDEX(DATABASE!$F$4:$F$2003,MATCH($B18,DATABASE!$Z$4:$Z$2003,0))&"","") -> Kp. Kuda Kuda | G18: =IFERROR(INDEX(DATABASE!$G$4:$G$2003,MATCH($B18,DATABASE!$Z$4:$Z$2003,0))&"","") | H18: =IFERROR(INDEX(DATABASE!$N$4:$N$2003,MATCH($B18,DATABASE!$Z$4:$Z$2003,0))&"","") -> Anggota | I18: =IFERROR(INDEX(DATABASE!$O$4:$O$2003,MATCH($B18,DATABASE!$Z$4:$Z$2003,0))&"","") | J18: =IFERROR(INDEX(DATABASE!$T$4:$T$2003,MATCH($B18,DATABASE!$Z$4:$Z$2003,0))&"","") -> Aktif | K18: =IFERROR(INDEX(DATABASE!$I$4:$I$2003,MATCH($B18,DATABASE!$Z$4:$Z$2003,0))&"","")
B19: 7 | C19: =IFERROR(INDEX(DATABASE!$B$4:$B$2003,MATCH($B19,DATABASE!$Z$4:$Z$2003,0))&"","") -> IJAH | D19: =IFERROR(INDEX(DATABASE!$C$4:$C$2003,MATCH($B19,DATABASE!$Z$4:$Z$2003,0))&"","") | E19: =IFERROR(INDEX(DATABASE!$E$4:$E$2003,MATCH($B19,DATABASE!$Z$4:$Z$2003,0))&"","") | F19: =IFERROR(INDEX(DATABASE!$F$4:$F$2003,MATCH($B19,DATABASE!$Z$4:$Z$2003,0))&"","") -> Kp. Putri Melintang | G19: =IFERROR(INDEX(DATABASE!$G$4:$G$2003,MATCH($B19,DATABASE!$Z$4:$Z$2003,0))&"","") | H19: =IFERROR(INDEX(DATABASE!$N$4:$N$2003,MATCH($B19,DATABASE!$Z$4:$Z$2003,0))&"","") -> Anggota | I19: =IFERROR(INDEX(DATABASE!$O$4:$O$2003,MATCH($B19,DATABASE!$Z$4:$Z$2003,0))&"","") | J19: =IFERROR(INDEX(DATABASE!$T$4:$T$2003,MATCH($B19,DATABASE!$Z$4:$Z$2003,0))&"","") -> Aktif | K19: =IFERROR(INDEX(DATABASE!$I$4:$I$2003,MATCH($B19,DATABASE!$Z$4:$Z$2003,0))&"","")
B20: 8 | C20: =IFERROR(INDEX(DATABASE!$B$4:$B$2003,MATCH($B20,DATABASE!$Z$4:$Z$2003,0))&"","") -> JEBAG | D20: =IFERROR(INDEX(DATABASE!$C$4:$C$2003,MATCH($B20,DATABASE!$Z$4:$Z$2003,0))&"","") | E20: =IFERROR(INDEX(DATABASE!$E$4:$E$2003,MATCH($B20,DATABASE!$Z$4:$Z$2003,0))&"","") | F20: =IFERROR(INDEX(DATABASE!$F$4:$F$2003,MATCH($B20,DATABASE!$Z$4:$Z$2003,0))&"","") -> Kp. Kuda Kuda | G20: =IFERROR(INDEX(DATABASE!$G$4:$G$2003,MATCH($B20,DATABASE!$Z$4:$Z$2003,0))&"","") -> 001 | H20: =IFERROR(INDEX(DATABASE!$N$4:$N$2003,MATCH($B20,DATABASE!$Z$4:$Z$2003,0))&"","") -> Anggota | I20: =IFERROR(INDEX(DATABASE!$O$4:$O$2003,MATCH($B20,DATABASE!$Z$4:$Z$2003,0))&"","") | J20: =IFERROR(INDEX(DATABASE!$T$4:$T$2003,MATCH($B20,DATABASE!$Z$4:$Z$2003,0))&"","") -> Aktif | K20: =IFERROR(INDEX(DATABASE!$I$4:$I$2003,MATCH($B20,DATABASE!$Z$4:$Z$2003,0))&"","")
B21: 9 | C21: =IFERROR(INDEX(DATABASE!$B$4:$B$2003,MATCH($B21,DATABASE!$Z$4:$Z$2003,0))&"","") -> DONY | D21: =IFERROR(INDEX(DATABASE!$C$4:$C$2003,MATCH($B21,DATABASE!$Z$4:$Z$2003,0))&"","") | E21: =IFERROR(INDEX(DATABASE!$E$4:$E$2003,MATCH($B21,DATABASE!$Z$4:$Z$2003,0))&"","") | F21: =IFERROR(INDEX(DATABASE!$F$4:$F$2003,MATCH($B21,DATABASE!$Z$4:$Z$2003,0))&"","") -> Kp. Gamprit | G21: =IFERROR(INDEX(DATABASE!$G$4:$G$2003,MATCH($B21,DATABASE!$Z$4:$Z$2003,0))&"","") | H21: =IFERROR(INDEX(DATABASE!$N$4:$N$2003,MATCH($B21,DATABASE!$Z$4:$Z$2003,0))&"","") -> Anggota | I21: =IFERROR(INDEX(DATABASE!$O$4:$O$2003,MATCH($B21,DATABASE!$Z$4:$Z$2003,0))&"","") | J21: =IFERROR(INDEX(DATABASE!$T$4:$T$2003,MATCH($B21,DATABASE!$Z$4:$Z$2003,0))&"","") -> Aktif | K21: =IFERROR(INDEX(DATABASE!$I$4:$I$2003,MATCH($B21,DATABASE!$Z$4:$Z$2003,0))&"","")
B22: 10 | C22: =IFERROR(INDEX(DATABASE!$B$4:$B$2003,MATCH($B22,DATABASE!$Z$4:$Z$2003,0))&"","") -> WAWAN | D22: =IFERROR(INDEX(DATABASE!$C$4:$C$2003,MATCH($B22,DATABASE!$Z$4:$Z$2003,0))&"","") | E22: =IFERROR(INDEX(DATABASE!$E$4:$E$2003,MATCH($B22,DATABASE!$Z$4:$Z$2003,0))&"","") | F22: =IFERROR(INDEX(DATABASE!$F$4:$F$2003,MATCH($B22,DATABASE!$Z$4:$Z$2003,0))&"","") -> Kp. Kuda Kuda | G22: =IFERROR(INDEX(DATABASE!$G$4:$G$2003,MATCH($B22,DATABASE!$Z$4:$Z$2003,0))&"","") -> 001 | H22: =IFERROR(INDEX(DATABASE!$N$4:$N$2003,MATCH($B22,DATABASE!$Z$4:$Z$2003,0))&"","") -> Anggota | I22: =IFERROR(INDEX(DATABASE!$O$4:$O$2003,MATCH($B22,DATABASE!$Z$4:$Z$2003,0))&"","") | J22: =IFERROR(INDEX(DATABASE!$T$4:$T$2003,MATCH($B22,DATABASE!$Z$4:$Z$2003,0))&"","") -> Aktif | K22: =IFERROR(INDEX(DATABASE!$I$4:$I$2003,MATCH($B22,DATABASE!$Z$4:$Z$2003,0))&"","")
B23: 11 | C23: =IFERROR(INDEX(DATABASE!$B$4:$B$2003,MATCH($B23,DATABASE!$Z$4:$Z$2003,0))&"","") -> MAS DENI | D23: =IFERROR(INDEX(DATABASE!$C$4:$C$2003,MATCH($B23,DATABASE!$Z$4:$Z$2003,0))&"","") | E23: =IFERROR(INDEX(DATABASE!$E$4:$E$2003,MATCH($B23,DATABASE!$Z$4:$Z$2003,0))&"","") | F23: =IFERROR(INDEX(DATABASE!$F$4:$F$2003,MATCH($B23,DATABASE!$Z$4:$Z$2003,0))&"","") | G23: =IFERROR(INDEX(DATABASE!$G$4:$G$2003,MATCH($B23,DATABASE!$Z$4:$Z$2003,0))&"","") -> 001 | H23: =IFERROR(INDEX(DATABASE!$N$4:$N$2003,MATCH($B23,DATABASE!$Z$4:$Z$2003,0))&"","") -> Anggota | I23: =IFERROR(INDEX(DATABASE!$O$4:$O$2003,MATCH($B23,DATABASE!$Z$4:$Z$2003,0))&"","") | J23: =IFERROR(INDEX(DATABASE!$T$4:$T$2003,MATCH($B23,DATABASE!$Z$4:$Z$2003,0))&"","") -> Aktif | K23: =IFERROR(INDEX(DATABASE!$I$4:$I$2003,MATCH($B23,DATABASE!$Z$4:$Z$2003,0))&"","")
B24: 12 | C24: =IFERROR(INDEX(DATABASE!$B$4:$B$2003,MATCH($B24,DATABASE!$Z$4:$Z$2003,0))&"","") -> HARIS | D24: =IFERROR(INDEX(DATABASE!$C$4:$C$2003,MATCH($B24,DATABASE!$Z$4:$Z$2003,0))&"","") | E24: =IFERROR(INDEX(DATABASE!$E$4:$E$2003,MATCH($B24,DATABASE!$Z$4:$Z$2003,0))&"","") | F24: =IFERROR(INDEX(DATABASE!$F$4:$F$2003,MATCH($B24,DATABASE!$Z$4:$Z$2003,0))&"","") -> Kp. Kuda Kuda | G24: =IFERROR(INDEX(DATABASE!$G$4:$G$2003,MATCH($B24,DATABASE!$Z$4:$Z$2003,0))&"","") -> 003 | H24: =IFERROR(INDEX(DATABASE!$N$4:$N$2003,MATCH($B24,DATABASE!$Z$4:$Z$2003,0))&"","") -> Anggota | I24: =IFERROR(INDEX(DATABASE!$O$4:$O$2003,MATCH($B24,DATABASE!$Z$4:$Z$2003,0))&"","") | J24: =IFERROR(INDEX(DATABASE!$T$4:$T$2003,MATCH($B24,DATABASE!$Z$4:$Z$2003,0))&"","") -> Aktif | K24: =IFERROR(INDEX(DATABASE!$I$4:$I$2003,MATCH($B24,DATABASE!$Z$4:$Z$2003,0))&"","")
... B162: 150 | C162: =IFERROR(INDEX(DATABASE!$B$4:$B$2003,MATCH($B162,DATABASE!$Z$4:$Z$2003,0))&"","") | D162: =IFERROR(INDEX(DATABASE!$C$4:$C$2003,MATCH($B162,DATABASE!$Z$4:$Z$2003,0))&"","") | E162: =IFERROR(INDEX(DATABASE!$E$4:$E$2003,MATCH($B162,DATABASE!$Z$4:$Z$2003,0))&"","") | F162: =IFERROR(INDEX(DATABASE!$F$4:$F$2003,MATCH($B162,DATABASE!$Z$4:$Z$2003,0))&"","") | G162: =IFERROR(INDEX(DATABASE!$G$4:$G$2003,MATCH($B162,DATABASE!$Z$4:$Z$2003,0))&"","") | H162: =IFERROR(INDEX(DATABASE!$N$4:$N$2003,MATCH($B162,DATABASE!$Z$4:$Z$2003,0))&"","") | I162: =IFERROR(INDEX(DATABASE!$O$4:$O$2003,MATCH($B162,DATABASE!$Z$4:$Z$2003,0))&"","") | J162: =IFERROR(INDEX(DATABASE!$T$4:$T$2003,MATCH($B162,DATABASE!$Z$4:$Z$2003,0))&"","") | K162: =IFERROR(INDEX(DATABASE!$I$4:$I$2003,MATCH($B162,DATABASE!$Z$4:$Z$2003,0))&"","")

Sheet REKAP
A1: REKAP • ANALISA DATA ANGGOTA | AA1: =IF(OR($D$82="",$F$82=""),"~",$D$82&" - RT "&$F$82&IF($H$82="","","/"&$H$82)) -> ~
A2: ◀ MENU | C2: Seluruh angka dihitung otomatis dari sheet DATABASE.
B4: ▌ A. MATRIKS JUMLAH ANGGOTA PER KAMPUNG & RT
B5: KAMPUNG | C5: =REFERENSI!$D$6 -> 001 | D5: =REFERENSI!$D$7 -> 002 | E5: =REFERENSI!$D$8 -> 003 | F5: =REFERENSI!$D$9 -> 004 | G5: =REFERENSI!$D$10 -> 005 | H5: =REFERENSI!$D$11 -> 006 | I5: =REFERENSI!$D$12 -> 007 | J5: =REFERENSI!$D$13 -> 008 | K5: =REFERENSI!$D$14 -> 0 | L5: =REFERENSI!$D$15 -> 0 | M5: =REFERENSI!$D$16 -> 0 | N5: =REFERENSI!$D$17 -> 0 | O5: =REFERENSI!$D$18 -> 0 | P5: =REFERENSI!$D$19 -> 0 | Q5: =REFERENSI!$D$20 -> 0 | R5: =REFERENSI!$D$21 -> 0 | S5: =REFERENSI!$D$22 -> 0 | T5: =REFERENSI!$D$23 -> 0 | U5: =REFERENSI!$D$24 -> 0 | V5: =REFERENSI!$D$25 -> 0 | W5: TOTAL
B6: =IFERROR(INDEX(daftar_kampung,1),"") -> Kp. Gamprit | C6: =IF(OR($B6="",C$5=""),"",COUNTIFS(DATABASE!$F$4:$F$2003,$B6,DATABASE!$G$4:$G$2003,C$5)) -> 2 | D6: =IF(OR($B6="",D$5=""),"",COUNTIFS(DATABASE!$F$4:$F$2003,$B6,DATABASE!$G$4:$G$2003,D$5)) -> 1 | E6: =IF(OR($B6="",E$5=""),"",COUNTIFS(DATABASE!$F$4:$F$2003,$B6,DATABASE!$G$4:$G$2003,E$5)) -> 8 | F6: =IF(OR($B6="",F$5=""),"",COUNTIFS(DATABASE!$F$4:$F$2003,$B6,DATABASE!$G$4:$G$2003,F$5)) -> 2 | G6: =IF(OR($B6="",G$5=""),"",COUNTIFS(DATABASE!$F$4:$F$2003,$B6,DATABASE!$G$4:$G$2003,G$5)) -> 0 | H6: =IF(OR($B6="",H$5=""),"",COUNTIFS(DATABASE!$F$4:$F$2003,$B6,DATABASE!$G$4:$G$2003,H$5)) -> 0 | I6: =IF(OR($B6="",I$5=""),"",COUNTIFS(DATABASE!$F$4:$F$2003,$B6,DATABASE!$G$4:$G$2003,I$5)) -> 0 | J6: =IF(OR($B6="",J$5=""),"",COUNTIFS(DATABASE!$F$4:$F$2003,$B6,DATABASE!$G$4:$G$2003,J$5)) -> 0 | ... V6: =IF(OR($B6="",V$5=""),"",COUNTIFS(DATABASE!$F$4:$F$2003,$B6,DATABASE!$G$4:$G$2003,V$5)) | W6: =IF($B6="","",COUNTIF(DATABASE!$F$4:$F$2003,$B6)) -> 18
B7: =IFERROR(INDEX(daftar_kampung,2),"") -> Kp. Kuda Kuda | C7: =IF(OR($B7="",C$5=""),"",COUNTIFS(DATABASE!$F$4:$F$2003,$B7,DATABASE!$G$4:$G$2003,C$5)) -> 2 | D7: =IF(OR($B7="",D$5=""),"",COUNTIFS(DATABASE!$F$4:$F$2003,$B7,DATABASE!$G$4:$G$2003,D$5)) -> 0 | E7: =IF(OR($B7="",E$5=""),"",COUNTIFS(DATABASE!$F$4:$F$2003,$B7,DATABASE!$G$4:$G$2003,E$5)) -> 3 | F7: =IF(OR($B7="",F$5=""),"",COUNTIFS(DATABASE!$F$4:$F$2003,$B7,DATABASE!$G$4:$G$2003,F$5)) -> 5 | G7: =IF(OR($B7="",G$5=""),"",COUNTIFS(DATABASE!$F$4:$F$2003,$B7,DATABASE!$G$4:$G$2003,G$5)) -> 0 | H7: =IF(OR($B7="",H$5=""),"",COUNTIFS(DATABASE!$F$4:$F$2003,$B7,DATABASE!$G$4:$G$2003,H$5)) -> 0 | I7: =IF(OR($B7="",I$5=""),"",COUNTIFS(DATABASE!$F$4:$F$2003,$B7,DATABASE!$G$4:$G$2003,I$5)) -> 0 | J7: =IF(OR($B7="",J$5=""),"",COUNTIFS(DATABASE!$F$4:$F$2003,$B7,DATABASE!$G$4:$G$2003,J$5)) -> 0 | ... V7: =IF(OR($B7="",V$5=""),"",COUNTIFS(DATABASE!$F$4:$F$2003,$B7,DATABASE!$G$4:$G$2003,V$5)) | W7: =IF($B7="","",COUNTIF(DATABASE!$F$4:$F$2003,$B7)) -> 11
B8: =IFERROR(INDEX(daftar_kampung,3),"") -> Kp. Wangkal | C8: =IF(OR($B8="",C$5=""),"",COUNTIFS(DATABASE!$F$4:$F$2003,$B8,DATABASE!$G$4:$G$2003,C$5)) -> 0 | D8: =IF(OR($B8="",D$5=""),"",COUNTIFS(DATABASE!$F$4:$F$2003,$B8,DATABASE!$G$4:$G$2003,D$5)) -> 0 | E8: =IF(OR($B8="",E$5=""),"",COUNTIFS(DATABASE!$F$4:$F$2003,$B8,DATABASE!$G$4:$G$2003,E$5)) -> 0 | F8: =IF(OR($B8="",F$5=""),"",COUNTIFS(DATABASE!$F$4:$F$2003,$B8,DATABASE!$G$4:$G$2003,F$5)) -> 5 | G8: =IF(OR($B8="",G$5=""),"",COUNTIFS(DATABASE!$F$4:$F$2003,$B8,DATABASE!$G$4:$G$2003,G$5)) -> 2 | H8: =IF(OR($B8="",H$5=""),"",COUNTIFS(DATABASE!$F$4:$F$2003,$B8,DATABASE!$G$4:$G$2003,H$5)) -> 0 | I8: =IF(OR($B8="",I$5=""),"",COUNTIFS(DATABASE!$F$4:$F$2003,$B8,DATABASE!$G$4:$G$2003,I$5)) -> 0 | J8: =IF(OR($B8="",J$5=""),"",COUNTIFS(DATABASE!$F$4:$F$2003,$B8,DATABASE!$G$4:$G$2003,J$5)) -> 0 | ... V8: =IF(OR($B8="",V$5=""),"",COUNTIFS(DATABASE!$F$4:$F$2003,$B8,DATABASE!$G$4:$G$2003,V$5)) | W8: =IF($B8="","",COUNTIF(DATABASE!$F$4:$F$2003,$B8)) -> 10
B9: =IFERROR(INDEX(daftar_kampung,4),"") -> Kp. Tenjolaut | C9: =IF(OR($B9="",C$5=""),"",COUNTIFS(DATABASE!$F$4:$F$2003,$B9,DATABASE!$G$4:$G$2003,C$5)) -> 1 | D9: =IF(OR($B9="",D$5=""),"",COUNTIFS(DATABASE!$F$4:$F$2003,$B9,DATABASE!$G$4:$G$2003,D$5)) -> 0 | E9: =IF(OR($B9="",E$5=""),"",COUNTIFS(DATABASE!$F$4:$F$2003,$B9,DATABASE!$G$4:$G$2003,E$5)) -> 0 | F9: =IF(OR($B9="",F$5=""),"",COUNTIFS(DATABASE!$F$4:$F$2003,$B9,DATABASE!$G$4:$G$2003,F$5)) -> 0 | G9: =IF(OR($B9="",G$5=""),"",COUNTIFS(DATABASE!$F$4:$F$2003,$B9,DATABASE!$G$4:$G$2003,G$5)) -> 0 | H9: =IF(OR($B9="",H$5=""),"",COUNTIFS(DATABASE!$F$4:$F$2003,$B9,DATABASE!$G$4:$G$2003,H$5)) -> 0 | I9: =IF(OR($B9="",I$5=""),"",COUNTIFS(DATABASE!$F$4:$F$2003,$B9,DATABASE!$G$4:$G$2003,I$5)) -> 0 | J9: =IF(OR($B9="",J$5=""),"",COUNTIFS(DATABASE!$F$4:$F$2003,$B9,DATABASE!$G$4:$G$2003,J$5)) -> 0 | ... V9: =IF(OR($B9="",V$5=""),"",COUNTIFS(DATABASE!$F$4:$F$2003,$B9,DATABASE!$G$4:$G$2003,V$5)) | W9: =IF($B9="","",COUNTIF(DATABASE!$F$4:$F$2003,$B9)) -> 2
B10: =IFERROR(INDEX(daftar_kampung,5),"") -> Kp. Putri Melintang | C10: =IF(OR($B10="",C$5=""),"",COUNTIFS(DATABASE!$F$4:$F$2003,$B10,DATABASE!$G$4:$G$2003,C$5)) -> 0 | D10: =IF(OR($B10="",D$5=""),"",COUNTIFS(DATABASE!$F$4:$F$2003,$B10,DATABASE!$G$4:$G$2003,D$5)) -> 0 | E10: =IF(OR($B10="",E$5=""),"",COUNTIFS(DATABASE!$F$4:$F$2003,$B10,DATABASE!$G$4:$G$2003,E$5)) -> 0 | F10: =IF(OR($B10="",F$5=""),"",COUNTIFS(DATABASE!$F$4:$F$2003,$B10,DATABASE!$G$4:$G$2003,F$5)) -> 0 | G10: =IF(OR($B10="",G$5=""),"",COUNTIFS(DATABASE!$F$4:$F$2003,$B10,DATABASE!$G$4:$G$2003,G$5)) -> 0 | H10: =IF(OR($B10="",H$5=""),"",COUNTIFS(DATABASE!$F$4:$F$2003,$B10,DATABASE!$G$4:$G$2003,H$5)) -> 0 | I10: =IF(OR($B10="",I$5=""),"",COUNTIFS(DATABASE!$F$4:$F$2003,$B10,DATABASE!$G$4:$G$2003,I$5)) -> 0 | J10: =IF(OR($B10="",J$5=""),"",COUNTIFS(DATABASE!$F$4:$F$2003,$B10,DATABASE!$G$4:$G$2003,J$5)) -> 0 | ... V10: =IF(OR($B10="",V$5=""),"",COUNTIFS(DATABASE!$F$4:$F$2003,$B10,DATABASE!$G$4:$G$2003,V$5)) | W10: =IF($B10="","",COUNTIF(DATABASE!$F$4:$F$2003,$B10)) -> 1
B11: =IFERROR(INDEX(daftar_kampung,6),"") | C11: =IF(OR($B11="",C$5=""),"",COUNTIFS(DATABASE!$F$4:$F$2003,$B11,DATABASE!$G$4:$G$2003,C$5)) | D11: =IF(OR($B11="",D$5=""),"",COUNTIFS(DATABASE!$F$4:$F$2003,$B11,DATABASE!$G$4:$G$2003,D$5)) | E11: =IF(OR($B11="",E$5=""),"",COUNTIFS(DATABASE!$F$4:$F$2003,$B11,DATABASE!$G$4:$G$2003,E$5)) | F11: =IF(OR($B11="",F$5=""),"",COUNTIFS(DATABASE!$F$4:$F$2003,$B11,DATABASE!$G$4:$G$2003,F$5)) | G11: =IF(OR($B11="",G$5=""),"",COUNTIFS(DATABASE!$F$4:$F$2003,$B11,DATABASE!$G$4:$G$2003,G$5)) | H11: =IF(OR($B11="",H$5=""),"",COUNTIFS(DATABASE!$F$4:$F$2003,$B11,DATABASE!$G$4:$G$2003,H$5)) | I11: =IF(OR($B11="",I$5=""),"",COUNTIFS(DATABASE!$F$4:$F$2003,$B11,DATABASE!$G$4:$G$2003,I$5)) | J11: =IF(OR($B11="",J$5=""),"",COUNTIFS(DATABASE!$F$4:$F$2003,$B11,DATABASE!$G$4:$G$2003,J$5)) | ... V11: =IF(OR($B11="",V$5=""),"",COUNTIFS(DATABASE!$F$4:$F$2003,$B11,DATABASE!$G$4:$G$2003,V$5)) | W11: =IF($B11="","",COUNTIF(DATABASE!$F$4:$F$2003,$B11))
B12: =IFERROR(INDEX(daftar_kampung,7),"") | C12: =IF(OR($B12="",C$5=""),"",COUNTIFS(DATABASE!$F$4:$F$2003,$B12,DATABASE!$G$4:$G$2003,C$5)) | D12: =IF(OR($B12="",D$5=""),"",COUNTIFS(DATABASE!$F$4:$F$2003,$B12,DATABASE!$G$4:$G$2003,D$5)) | E12: =IF(OR($B12="",E$5=""),"",COUNTIFS(DATABASE!$F$4:$F$2003,$B12,DATABASE!$G$4:$G$2003,E$5)) | F12: =IF(OR($B12="",F$5=""),"",COUNTIFS(DATABASE!$F$4:$F$2003,$B12,DATABASE!$G$4:$G$2003,F$5)) | G12: =IF(OR($B12="",G$5=""),"",COUNTIFS(DATABASE!$F$4:$F$2003,$B12,DATABASE!$G$4:$G$2003,G$5)) | H12: =IF(OR($B12="",H$5=""),"",COUNTIFS(DATABASE!$F$4:$F$2003,$B12,DATABASE!$G$4:$G$2003,H$5)) | I12: =IF(OR($B12="",I$5=""),"",COUNTIFS(DATABASE!$F$4:$F$2003,$B12,DATABASE!$G$4:$G$2003,I$5)) | J12: =IF(OR($B12="",J$5=""),"",COUNTIFS(DATABASE!$F$4:$F$2003,$B12,DATABASE!$G$4:$G$2003,J$5)) | ... V12: =IF(OR($B12="",V$5=""),"",COUNTIFS(DATABASE!$F$4:$F$2003,$B12,DATABASE!$G$4:$G$2003,V$5)) | W12: =IF($B12="","",COUNTIF(DATABASE!$F$4:$F$2003,$B12))
B13: =IFERROR(INDEX(daftar_kampung,8),"") | C13: =IF(OR($B13="",C$5=""),"",COUNTIFS(DATABASE!$F$4:$F$2003,$B13,DATABASE!$G$4:$G$2003,C$5)) | D13: =IF(OR($B13="",D$5=""),"",COUNTIFS(DATABASE!$F$4:$F$2003,$B13,DATABASE!$G$4:$G$2003,D$5)) | E13: =IF(OR($B13="",E$5=""),"",COUNTIFS(DATABASE!$F$4:$F$2003,$B13,DATABASE!$G$4:$G$2003,E$5)) | F13: =IF(OR($B13="",F$5=""),"",COUNTIFS(DATABASE!$F$4:$F$2003,$B13,DATABASE!$G$4:$G$2003,F$5)) | G13: =IF(OR($B13="",G$5=""),"",COUNTIFS(DATABASE!$F$4:$F$2003,$B13,DATABASE!$G$4:$G$2003,G$5)) | H13: =IF(OR($B13="",H$5=""),"",COUNTIFS(DATABASE!$F$4:$F$2003,$B13,DATABASE!$G$4:$G$2003,H$5)) | I13: =IF(OR($B13="",I$5=""),"",COUNTIFS(DATABASE!$F$4:$F$2003,$B13,DATABASE!$G$4:$G$2003,I$5)) | J13: =IF(OR($B13="",J$5=""),"",COUNTIFS(DATABASE!$F$4:$F$2003,$B13,DATABASE!$G$4:$G$2003,J$5)) | ... V13: =IF(OR($B13="",V$5=""),"",COUNTIFS(DATABASE!$F$4:$F$2003,$B13,DATABASE!$G$4:$G$2003,V$5)) | W13: =IF($B13="","",COUNTIF(DATABASE!$F$4:$F$2003,$B13))
B14: =IFERROR(INDEX(daftar_kampung,9),"") | C14: =IF(OR($B14="",C$5=""),"",COUNTIFS(DATABASE!$F$4:$F$2003,$B14,DATABASE!$G$4:$G$2003,C$5)) | D14: =IF(OR($B14="",D$5=""),"",COUNTIFS(DATABASE!$F$4:$F$2003,$B14,DATABASE!$G$4:$G$2003,D$5)) | E14: =IF(OR($B14="",E$5=""),"",COUNTIFS(DATABASE!$F$4:$F$2003,$B14,DATABASE!$G$4:$G$2003,E$5)) | F14: =IF(OR($B14="",F$5=""),"",COUNTIFS(DATABASE!$F$4:$F$2003,$B14,DATABASE!$G$4:$G$2003,F$5)) | G14: =IF(OR($B14="",G$5=""),"",COUNTIFS(DATABASE!$F$4:$F$2003,$B14,DATABASE!$G$4:$G$2003,G$5)) | H14: =IF(OR($B14="",H$5=""),"",COUNTIFS(DATABASE!$F$4:$F$2003,$B14,DATABASE!$G$4:$G$2003,H$5)) | I14: =IF(OR($B14="",I$5=""),"",COUNTIFS(DATABASE!$F$4:$F$2003,$B14,DATABASE!$G$4:$G$2003,I$5)) | J14: =IF(OR($B14="",J$5=""),"",COUNTIFS(DATABASE!$F$4:$F$2003,$B14,DATABASE!$G$4:$G$2003,J$5)) | ... V14: =IF(OR($B14="",V$5=""),"",COUNTIFS(DATABASE!$F$4:$F$2003,$B14,DATABASE!$G$4:$G$2003,V$5)) | W14: =IF($B14="","",COUNTIF(DATABASE!$F$4:$F$2003,$B14))
B15: =IFERROR(INDEX(daftar_kampung,10),"") | C15: =IF(OR($B15="",C$5=""),"",COUNTIFS(DATABASE!$F$4:$F$2003,$B15,DATABASE!$G$4:$G$2003,C$5)) | D15: =IF(OR($B15="",D$5=""),"",COUNTIFS(DATABASE!$F$4:$F$2003,$B15,DATABASE!$G$4:$G$2003,D$5)) | E15: =IF(OR($B15="",E$5=""),"",COUNTIFS(DATABASE!$F$4:$F$2003,$B15,DATABASE!$G$4:$G$2003,E$5)) | F15: =IF(OR($B15="",F$5=""),"",COUNTIFS(DATABASE!$F$4:$F$2003,$B15,DATABASE!$G$4:$G$2003,F$5)) | G15: =IF(OR($B15="",G$5=""),"",COUNTIFS(DATABASE!$F$4:$F$2003,$B15,DATABASE!$G$4:$G$2003,G$5)) | H15: =IF(OR($B15="",H$5=""),"",COUNTIFS(DATABASE!$F$4:$F$2003,$B15,DATABASE!$G$4:$G$2003,H$5)) | I15: =IF(OR($B15="",I$5=""),"",COUNTIFS(DATABASE!$F$4:$F$2003,$B15,DATABASE!$G$4:$G$2003,I$5)) | J15: =IF(OR($B15="",J$5=""),"",COUNTIFS(DATABASE!$F$4:$F$2003,$B15,DATABASE!$G$4:$G$2003,J$5)) | ... V15: =IF(OR($B15="",V$5=""),"",COUNTIFS(DATABASE!$F$4:$F$2003,$B15,DATABASE!$G$4:$G$2003,V$5)) | W15: =IF($B15="","",COUNTIF(DATABASE!$F$4:$F$2003,$B15))
B16: =IFERROR(INDEX(daftar_kampung,11),"") | C16: =IF(OR($B16="",C$5=""),"",COUNTIFS(DATABASE!$F$4:$F$2003,$B16,DATABASE!$G$4:$G$2003,C$5)) | D16: =IF(OR($B16="",D$5=""),"",COUNTIFS(DATABASE!$F$4:$F$2003,$B16,DATABASE!$G$4:$G$2003,D$5)) | E16: =IF(OR($B16="",E$5=""),"",COUNTIFS(DATABASE!$F$4:$F$2003,$B16,DATABASE!$G$4:$G$2003,E$5)) | F16: =IF(OR($B16="",F$5=""),"",COUNTIFS(DATABASE!$F$4:$F$2003,$B16,DATABASE!$G$4:$G$2003,F$5)) | G16: =IF(OR($B16="",G$5=""),"",COUNTIFS(DATABASE!$F$4:$F$2003,$B16,DATABASE!$G$4:$G$2003,G$5)) | H16: =IF(OR($B16="",H$5=""),"",COUNTIFS(DATABASE!$F$4:$F$2003,$B16,DATABASE!$G$4:$G$2003,H$5)) | I16: =IF(OR($B16="",I$5=""),"",COUNTIFS(DATABASE!$F$4:$F$2003,$B16,DATABASE!$G$4:$G$2003,I$5)) | J16: =IF(OR($B16="",J$5=""),"",COUNTIFS(DATABASE!$F$4:$F$2003,$B16,DATABASE!$G$4:$G$2003,J$5)) | ... V16: =IF(OR($B16="",V$5=""),"",COUNTIFS(DATABASE!$F$4:$F$2003,$B16,DATABASE!$G$4:$G$2003,V$5)) | W16: =IF($B16="","",COUNTIF(DATABASE!$F$4:$F$2003,$B16))
B17: =IFERROR(INDEX(daftar_kampung,12),"") | C17: =IF(OR($B17="",C$5=""),"",COUNTIFS(DATABASE!$F$4:$F$2003,$B17,DATABASE!$G$4:$G$2003,C$5)) | D17: =IF(OR($B17="",D$5=""),"",COUNTIFS(DATABASE!$F$4:$F$2003,$B17,DATABASE!$G$4:$G$2003,D$5)) | E17: =IF(OR($B17="",E$5=""),"",COUNTIFS(DATABASE!$F$4:$F$2003,$B17,DATABASE!$G$4:$G$2003,E$5)) | F17: =IF(OR($B17="",F$5=""),"",COUNTIFS(DATABASE!$F$4:$F$2003,$B17,DATABASE!$G$4:$G$2003,F$5)) | G17: =IF(OR($B17="",G$5=""),"",COUNTIFS(DATABASE!$F$4:$F$2003,$B17,DATABASE!$G$4:$G$2003,G$5)) | H17: =IF(OR($B17="",H$5=""),"",COUNTIFS(DATABASE!$F$4:$F$2003,$B17,DATABASE!$G$4:$G$2003,H$5)) | I17: =IF(OR($B17="",I$5=""),"",COUNTIFS(DATABASE!$F$4:$F$2003,$B17,DATABASE!$G$4:$G$2003,I$5)) | J17: =IF(OR($B17="",J$5=""),"",COUNTIFS(DATABASE!$F$4:$F$2003,$B17,DATABASE!$G$4:$G$2003,J$5)) | ... V17: =IF(OR($B17="",V$5=""),"",COUNTIFS(DATABASE!$F$4:$F$2003,$B17,DATABASE!$G$4:$G$2003,V$5)) | W17: =IF($B17="","",COUNTIF(DATABASE!$F$4:$F$2003,$B17))
B18: =IFERROR(INDEX(daftar_kampung,13),"") | C18: =IF(OR($B18="",C$5=""),"",COUNTIFS(DATABASE!$F$4:$F$2003,$B18,DATABASE!$G$4:$G$2003,C$5)) | D18: =IF(OR($B18="",D$5=""),"",COUNTIFS(DATABASE!$F$4:$F$2003,$B18,DATABASE!$G$4:$G$2003,D$5)) | E18: =IF(OR($B18="",E$5=""),"",COUNTIFS(DATABASE!$F$4:$F$2003,$B18,DATABASE!$G$4:$G$2003,E$5)) | F18: =IF(OR($B18="",F$5=""),"",COUNTIFS(DATABASE!$F$4:$F$2003,$B18,DATABASE!$G$4:$G$2003,F$5)) | G18: =IF(OR($B18="",G$5=""),"",COUNTIFS(DATABASE!$F$4:$F$2003,$B18,DATABASE!$G$4:$G$2003,G$5)) | H18: =IF(OR($B18="",H$5=""),"",COUNTIFS(DATABASE!$F$4:$F$2003,$B18,DATABASE!$G$4:$G$2003,H$5)) | I18: =IF(OR($B18="",I$5=""),"",COUNTIFS(DATABASE!$F$4:$F$2003,$B18,DATABASE!$G$4:$G$2003,I$5)) | J18: =IF(OR($B18="",J$5=""),"",COUNTIFS(DATABASE!$F$4:$F$2003,$B18,DATABASE!$G$4:$G$2003,J$5)) | ... V18: =IF(OR($B18="",V$5=""),"",COUNTIFS(DATABASE!$F$4:$F$2003,$B18,DATABASE!$G$4:$G$2003,V$5)) | W18: =IF($B18="","",COUNTIF(DATABASE!$F$4:$F$2003,$B18))
B19: =IFERROR(INDEX(daftar_kampung,14),"") | C19: =IF(OR($B19="",C$5=""),"",COUNTIFS(DATABASE!$F$4:$F$2003,$B19,DATABASE!$G$4:$G$2003,C$5)) | D19: =IF(OR($B19="",D$5=""),"",COUNTIFS(DATABASE!$F$4:$F$2003,$B19,DATABASE!$G$4:$G$2003,D$5)) | E19: =IF(OR($B19="",E$5=""),"",COUNTIFS(DATABASE!$F$4:$F$2003,$B19,DATABASE!$G$4:$G$2003,E$5)) | F19: =IF(OR($B19="",F$5=""),"",COUNTIFS(DATABASE!$F$4:$F$2003,$B19,DATABASE!$G$4:$G$2003,F$5)) | G19: =IF(OR($B19="",G$5=""),"",COUNTIFS(DATABASE!$F$4:$F$2003,$B19,DATABASE!$G$4:$G$2003,G$5)) | H19: =IF(OR($B19="",H$5=""),"",COUNTIFS(DATABASE!$F$4:$F$2003,$B19,DATABASE!$G$4:$G$2003,H$5)) | I19: =IF(OR($B19="",I$5=""),"",COUNTIFS(DATABASE!$F$4:$F$2003,$B19,DATABASE!$G$4:$G$2003,I$5)) | J19: =IF(OR($B19="",J$5=""),"",COUNTIFS(DATABASE!$F$4:$F$2003,$B19,DATABASE!$G$4:$G$2003,J$5)) | ... V19: =IF(OR($B19="",V$5=""),"",COUNTIFS(DATABASE!$F$4:$F$2003,$B19,DATABASE!$G$4:$G$2003,V$5)) | W19: =IF($B19="","",COUNTIF(DATABASE!$F$4:$F$2003,$B19))
B20: =IFERROR(INDEX(daftar_kampung,15),"") | C20: =IF(OR($B20="",C$5=""),"",COUNTIFS(DATABASE!$F$4:$F$2003,$B20,DATABASE!$G$4:$G$2003,C$5)) | D20: =IF(OR($B20="",D$5=""),"",COUNTIFS(DATABASE!$F$4:$F$2003,$B20,DATABASE!$G$4:$G$2003,D$5)) | E20: =IF(OR($B20="",E$5=""),"",COUNTIFS(DATABASE!$F$4:$F$2003,$B20,DATABASE!$G$4:$G$2003,E$5)) | F20: =IF(OR($B20="",F$5=""),"",COUNTIFS(DATABASE!$F$4:$F$2003,$B20,DATABASE!$G$4:$G$2003,F$5)) | G20: =IF(OR($B20="",G$5=""),"",COUNTIFS(DATABASE!$F$4:$F$2003,$B20,DATABASE!$G$4:$G$2003,G$5)) | H20: =IF(OR($B20="",H$5=""),"",COUNTIFS(DATABASE!$F$4:$F$2003,$B20,DATABASE!$G$4:$G$2003,H$5)) | I20: =IF(OR($B20="",I$5=""),"",COUNTIFS(DATABASE!$F$4:$F$2003,$B20,DATABASE!$G$4:$G$2003,I$5)) | J20: =IF(OR($B20="",J$5=""),"",COUNTIFS(DATABASE!$F$4:$F$2003,$B20,DATABASE!$G$4:$G$2003,J$5)) | ... V20: =IF(OR($B20="",V$5=""),"",COUNTIFS(DATABASE!$F$4:$F$2003,$B20,DATABASE!$G$4:$G$2003,V$5)) | W20: =IF($B20="","",COUNTIF(DATABASE!$F$4:$F$2003,$B20))
B21: =IFERROR(INDEX(daftar_kampung,16),"") | C21: =IF(OR($B21="",C$5=""),"",COUNTIFS(DATABASE!$F$4:$F$2003,$B21,DATABASE!$G$4:$G$2003,C$5)) | D21: =IF(OR($B21="",D$5=""),"",COUNTIFS(DATABASE!$F$4:$F$2003,$B21,DATABASE!$G$4:$G$2003,D$5)) | E21: =IF(OR($B21="",E$5=""),"",COUNTIFS(DATABASE!$F$4:$F$2003,$B21,DATABASE!$G$4:$G$2003,E$5)) | F21: =IF(OR($B21="",F$5=""),"",COUNTIFS(DATABASE!$F$4:$F$2003,$B21,DATABASE!$G$4:$G$2003,F$5)) | G21: =IF(OR($B21="",G$5=""),"",COUNTIFS(DATABASE!$F$4:$F$2003,$B21,DATABASE!$G$4:$G$2003,G$5)) | H21: =IF(OR($B21="",H$5=""),"",COUNTIFS(DATABASE!$F$4:$F$2003,$B21,DATABASE!$G$4:$G$2003,H$5)) | I21: =IF(OR($B21="",I$5=""),"",COUNTIFS(DATABASE!$F$4:$F$2003,$B21,DATABASE!$G$4:$G$2003,I$5)) | J21: =IF(OR($B21="",J$5=""),"",COUNTIFS(DATABASE!$F$4:$F$2003,$B21,DATABASE!$G$4:$G$2003,J$5)) | ... V21: =IF(OR($B21="",V$5=""),"",COUNTIFS(DATABASE!$F$4:$F$2003,$B21,DATABASE!$G$4:$G$2003,V$5)) | W21: =IF($B21="","",COUNTIF(DATABASE!$F$4:$F$2003,$B21))
B22: =IFERROR(INDEX(daftar_kampung,17),"") | C22: =IF(OR($B22="",C$5=""),"",COUNTIFS(DATABASE!$F$4:$F$2003,$B22,DATABASE!$G$4:$G$2003,C$5)) | D22: =IF(OR($B22="",D$5=""),"",COUNTIFS(DATABASE!$F$4:$F$2003,$B22,DATABASE!$G$4:$G$2003,D$5)) | E22: =IF(OR($B22="",E$5=""),"",COUNTIFS(DATABASE!$F$4:$F$2003,$B22,DATABASE!$G$4:$G$2003,E$5)) | F22: =IF(OR($B22="",F$5=""),"",COUNTIFS(DATABASE!$F$4:$F$2003,$B22,DATABASE!$G$4:$G$2003,F$5)) | G22: =IF(OR($B22="",G$5=""),"",COUNTIFS(DATABASE!$F$4:$F$2003,$B22,DATABASE!$G$4:$G$2003,G$5)) | H22: =IF(OR($B22="",H$5=""),"",COUNTIFS(DATABASE!$F$4:$F$2003,$B22,DATABASE!$G$4:$G$2003,H$5)) | I22: =IF(OR($B22="",I$5=""),"",COUNTIFS(DATABASE!$F$4:$F$2003,$B22,DATABASE!$G$4:$G$2003,I$5)) | J22: =IF(OR($B22="",J$5=""),"",COUNTIFS(DATABASE!$F$4:$F$2003,$B22,DATABASE!$G$4:$G$2003,J$5)) | ... V22: =IF(OR($B22="",V$5=""),"",COUNTIFS(DATABASE!$F$4:$F$2003,$B22,DATABASE!$G$4:$G$2003,V$5)) | W22: =IF($B22="","",COUNTIF(DATABASE!$F$4:$F$2003,$B22))
B23: =IFERROR(INDEX(daftar_kampung,18),"") | C23: =IF(OR($B23="",C$5=""),"",COUNTIFS(DATABASE!$F$4:$F$2003,$B23,DATABASE!$G$4:$G$2003,C$5)) | D23: =IF(OR($B23="",D$5=""),"",COUNTIFS(DATABASE!$F$4:$F$2003,$B23,DATABASE!$G$4:$G$2003,D$5)) | E23: =IF(OR($B23="",E$5=""),"",COUNTIFS(DATABASE!$F$4:$F$2003,$B23,DATABASE!$G$4:$G$2003,E$5)) | F23: =IF(OR($B23="",F$5=""),"",COUNTIFS(DATABASE!$F$4:$F$2003,$B23,DATABASE!$G$4:$G$2003,F$5)) | G23: =IF(OR($B23="",G$5=""),"",COUNTIFS(DATABASE!$F$4:$F$2003,$B23,DATABASE!$G$4:$G$2003,G$5)) | H23: =IF(OR($B23="",H$5=""),"",COUNTIFS(DATABASE!$F$4:$F$2003,$B23,DATABASE!$G$4:$G$2003,H$5)) | I23: =IF(OR($B23="",I$5=""),"",COUNTIFS(DATABASE!$F$4:$F$2003,$B23,DATABASE!$G$4:$G$2003,I$5)) | J23: =IF(OR($B23="",J$5=""),"",COUNTIFS(DATABASE!$F$4:$F$2003,$B23,DATABASE!$G$4:$G$2003,J$5)) | ... V23: =IF(OR($B23="",V$5=""),"",COUNTIFS(DATABASE!$F$4:$F$2003,$B23,DATABASE!$G$4:$G$2003,V$5)) | W23: =IF($B23="","",COUNTIF(DATABASE!$F$4:$F$2003,$B23))
B24: =IFERROR(INDEX(daftar_kampung,19),"") | C24: =IF(OR($B24="",C$5=""),"",COUNTIFS(DATABASE!$F$4:$F$2003,$B24,DATABASE!$G$4:$G$2003,C$5)) | D24: =IF(OR($B24="",D$5=""),"",COUNTIFS(DATABASE!$F$4:$F$2003,$B24,DATABASE!$G$4:$G$2003,D$5)) | E24: =IF(OR($B24="",E$5=""),"",COUNTIFS(DATABASE!$F$4:$F$2003,$B24,DATABASE!$G$4:$G$2003,E$5)) | F24: =IF(OR($B24="",F$5=""),"",COUNTIFS(DATABASE!$F$4:$F$2003,$B24,DATABASE!$G$4:$G$2003,F$5)) | G24: =IF(OR($B24="",G$5=""),"",COUNTIFS(DATABASE!$F$4:$F$2003,$B24,DATABASE!$G$4:$G$2003,G$5)) | H24: =IF(OR($B24="",H$5=""),"",COUNTIFS(DATABASE!$F$4:$F$2003,$B24,DATABASE!$G$4:$G$2003,H$5)) | I24: =IF(OR($B24="",I$5=""),"",COUNTIFS(DATABASE!$F$4:$F$2003,$B24,DATABASE!$G$4:$G$2003,I$5)) | J24: =IF(OR($B24="",J$5=""),"",COUNTIFS(DATABASE!$F$4:$F$2003,$B24,DATABASE!$G$4:$G$2003,J$5)) | ... V24: =IF(OR($B24="",V$5=""),"",COUNTIFS(DATABASE!$F$4:$F$2003,$B24,DATABASE!$G$4:$G$2003,V$5)) | W24: =IF($B24="","",COUNTIF(DATABASE!$F$4:$F$2003,$B24))
B25: =IFERROR(INDEX(daftar_kampung,20),"") | C25: =IF(OR($B25="",C$5=""),"",COUNTIFS(DATABASE!$F$4:$F$2003,$B25,DATABASE!$G$4:$G$2003,C$5)) | D25: =IF(OR($B25="",D$5=""),"",COUNTIFS(DATABASE!$F$4:$F$2003,$B25,DATABASE!$G$4:$G$2003,D$5)) | E25: =IF(OR($B25="",E$5=""),"",COUNTIFS(DATABASE!$F$4:$F$2003,$B25,DATABASE!$G$4:$G$2003,E$5)) | F25: =IF(OR($B25="",F$5=""),"",COUNTIFS(DATABASE!$F$4:$F$2003,$B25,DATABASE!$G$4:$G$2003,F$5)) | G25: =IF(OR($B25="",G$5=""),"",COUNTIFS(DATABASE!$F$4:$F$2003,$B25,DATABASE!$G$4:$G$2003,G$5)) | H25: =IF(OR($B25="",H$5=""),"",COUNTIFS(DATABASE!$F$4:$F$2003,$B25,DATABASE!$G$4:$G$2003,H$5)) | I25: =IF(OR($B25="",I$5=""),"",COUNTIFS(DATABASE!$F$4:$F$2003,$B25,DATABASE!$G$4:$G$2003,I$5)) | J25: =IF(OR($B25="",J$5=""),"",COUNTIFS(DATABASE!$F$4:$F$2003,$B25,DATABASE!$G$4:$G$2003,J$5)) | ... V25: =IF(OR($B25="",V$5=""),"",COUNTIFS(DATABASE!$F$4:$F$2003,$B25,DATABASE!$G$4:$G$2003,V$5)) | W25: =IF($B25="","",COUNTIF(DATABASE!$F$4:$F$2003,$B25))
B26: TOTAL | C26: =SUM(C6:C25) -> 5 | D26: =SUM(D6:D25) -> 1 | E26: =SUM(E6:E25) -> 11 | F26: =SUM(F6:F25) -> 12 | G26: =SUM(G6:G25) -> 2 | H26: =SUM(H6:H25) -> 0 | I26: =SUM(I6:I25) -> 0 | J26: =SUM(J6:J25) -> 0 | ... W26: =SUM(W6:W25) -> 42
B28: ▌ B. GENDER & STATUS PER KAMPUNG
B29: KAMPUNG | C29: LAKI-LAKI | D29: PEREMPUAN | E29: AKTIF | F29: CALON | G29: NONAKTIF | H29: TOTAL | I29: % DARI TOTAL
B30: =IFERROR(INDEX(daftar_kampung,1),"") -> Kp. Gamprit | C30: =IF($B30="","",COUNTIFS(DATABASE!$F$4:$F$2003,$B30,DATABASE!$D$4:$D$2003,"L")) -> 0 | D30: =IF($B30="","",COUNTIFS(DATABASE!$F$4:$F$2003,$B30,DATABASE!$D$4:$D$2003,"P")) -> 0 | E30: =IF($B30="","",COUNTIFS(DATABASE!$F$4:$F$2003,$B30,DATABASE!$O$4:$O$2003,"Aktif")) -> 0 | F30: =IF($B30="","",COUNTIFS(DATABASE!$F$4:$F$2003,$B30,DATABASE!$O$4:$O$2003,"Calon")) -> 0 | G30: =IF($B30="","",COUNTIFS(DATABASE!$F$4:$F$2003,$B30,DATABASE!$O$4:$O$2003,"Nonaktif")) -> 0 | H30: =IF($B30="","",COUNTIF(DATABASE!$F$4:$F$2003,$B30)) -> 18 | I30: =IF(OR($B30="",COUNTA(DATABASE!$B$4:$B$2003)=0),"",$H30/COUNTA(DATABASE!$B$4:$B$2003)) -> 0.34615385
B31: =IFERROR(INDEX(daftar_kampung,2),"") -> Kp. Kuda Kuda | C31: =IF($B31="","",COUNTIFS(DATABASE!$F$4:$F$2003,$B31,DATABASE!$D$4:$D$2003,"L")) -> 0 | D31: =IF($B31="","",COUNTIFS(DATABASE!$F$4:$F$2003,$B31,DATABASE!$D$4:$D$2003,"P")) -> 0 | E31: =IF($B31="","",COUNTIFS(DATABASE!$F$4:$F$2003,$B31,DATABASE!$O$4:$O$2003,"Aktif")) -> 0 | F31: =IF($B31="","",COUNTIFS(DATABASE!$F$4:$F$2003,$B31,DATABASE!$O$4:$O$2003,"Calon")) -> 0 | G31: =IF($B31="","",COUNTIFS(DATABASE!$F$4:$F$2003,$B31,DATABASE!$O$4:$O$2003,"Nonaktif")) -> 0 | H31: =IF($B31="","",COUNTIF(DATABASE!$F$4:$F$2003,$B31)) -> 11 | I31: =IF(OR($B31="",COUNTA(DATABASE!$B$4:$B$2003)=0),"",$H31/COUNTA(DATABASE!$B$4:$B$2003)) -> 0.21153846
B32: =IFERROR(INDEX(daftar_kampung,3),"") -> Kp. Wangkal | C32: =IF($B32="","",COUNTIFS(DATABASE!$F$4:$F$2003,$B32,DATABASE!$D$4:$D$2003,"L")) -> 0 | D32: =IF($B32="","",COUNTIFS(DATABASE!$F$4:$F$2003,$B32,DATABASE!$D$4:$D$2003,"P")) -> 0 | E32: =IF($B32="","",COUNTIFS(DATABASE!$F$4:$F$2003,$B32,DATABASE!$O$4:$O$2003,"Aktif")) -> 0 | F32: =IF($B32="","",COUNTIFS(DATABASE!$F$4:$F$2003,$B32,DATABASE!$O$4:$O$2003,"Calon")) -> 0 | G32: =IF($B32="","",COUNTIFS(DATABASE!$F$4:$F$2003,$B32,DATABASE!$O$4:$O$2003,"Nonaktif")) -> 0 | H32: =IF($B32="","",COUNTIF(DATABASE!$F$4:$F$2003,$B32)) -> 10 | I32: =IF(OR($B32="",COUNTA(DATABASE!$B$4:$B$2003)=0),"",$H32/COUNTA(DATABASE!$B$4:$B$2003)) -> 0.19230769
B33: =IFERROR(INDEX(daftar_kampung,4),"") -> Kp. Tenjolaut | C33: =IF($B33="","",COUNTIFS(DATABASE!$F$4:$F$2003,$B33,DATABASE!$D$4:$D$2003,"L")) -> 0 | D33: =IF($B33="","",COUNTIFS(DATABASE!$F$4:$F$2003,$B33,DATABASE!$D$4:$D$2003,"P")) -> 0 | E33: =IF($B33="","",COUNTIFS(DATABASE!$F$4:$F$2003,$B33,DATABASE!$O$4:$O$2003,"Aktif")) -> 0 | F33: =IF($B33="","",COUNTIFS(DATABASE!$F$4:$F$2003,$B33,DATABASE!$O$4:$O$2003,"Calon")) -> 0 | G33: =IF($B33="","",COUNTIFS(DATABASE!$F$4:$F$2003,$B33,DATABASE!$O$4:$O$2003,"Nonaktif")) -> 0 | H33: =IF($B33="","",COUNTIF(DATABASE!$F$4:$F$2003,$B33)) -> 2 | I33: =IF(OR($B33="",COUNTA(DATABASE!$B$4:$B$2003)=0),"",$H33/COUNTA(DATABASE!$B$4:$B$2003)) -> 0.038461538
B34: =IFERROR(INDEX(daftar_kampung,5),"") -> Kp. Putri Melintang | C34: =IF($B34="","",COUNTIFS(DATABASE!$F$4:$F$2003,$B34,DATABASE!$D$4:$D$2003,"L")) -> 0 | D34: =IF($B34="","",COUNTIFS(DATABASE!$F$4:$F$2003,$B34,DATABASE!$D$4:$D$2003,"P")) -> 0 | E34: =IF($B34="","",COUNTIFS(DATABASE!$F$4:$F$2003,$B34,DATABASE!$O$4:$O$2003,"Aktif")) -> 0 | F34: =IF($B34="","",COUNTIFS(DATABASE!$F$4:$F$2003,$B34,DATABASE!$O$4:$O$2003,"Calon")) -> 0 | G34: =IF($B34="","",COUNTIFS(DATABASE!$F$4:$F$2003,$B34,DATABASE!$O$4:$O$2003,"Nonaktif")) -> 0 | H34: =IF($B34="","",COUNTIF(DATABASE!$F$4:$F$2003,$B34)) -> 1 | I34: =IF(OR($B34="",COUNTA(DATABASE!$B$4:$B$2003)=0),"",$H34/COUNTA(DATABASE!$B$4:$B$2003)) -> 0.019230769
B35: =IFERROR(INDEX(daftar_kampung,6),"") | C35: =IF($B35="","",COUNTIFS(DATABASE!$F$4:$F$2003,$B35,DATABASE!$D$4:$D$2003,"L")) | D35: =IF($B35="","",COUNTIFS(DATABASE!$F$4:$F$2003,$B35,DATABASE!$D$4:$D$2003,"P")) | E35: =IF($B35="","",COUNTIFS(DATABASE!$F$4:$F$2003,$B35,DATABASE!$O$4:$O$2003,"Aktif")) | F35: =IF($B35="","",COUNTIFS(DATABASE!$F$4:$F$2003,$B35,DATABASE!$O$4:$O$2003,"Calon")) | G35: =IF($B35="","",COUNTIFS(DATABASE!$F$4:$F$2003,$B35,DATABASE!$O$4:$O$2003,"Nonaktif")) | H35: =IF($B35="","",COUNTIF(DATABASE!$F$4:$F$2003,$B35)) | I35: =IF(OR($B35="",COUNTA(DATABASE!$B$4:$B$2003)=0),"",$H35/COUNTA(DATABASE!$B$4:$B$2003))
B36: =IFERROR(INDEX(daftar_kampung,7),"") | C36: =IF($B36="","",COUNTIFS(DATABASE!$F$4:$F$2003,$B36,DATABASE!$D$4:$D$2003,"L")) | D36: =IF($B36="","",COUNTIFS(DATABASE!$F$4:$F$2003,$B36,DATABASE!$D$4:$D$2003,"P")) | E36: =IF($B36="","",COUNTIFS(DATABASE!$F$4:$F$2003,$B36,DATABASE!$O$4:$O$2003,"Aktif")) | F36: =IF($B36="","",COUNTIFS(DATABASE!$F$4:$F$2003,$B36,DATABASE!$O$4:$O$2003,"Calon")) | G36: =IF($B36="","",COUNTIFS(DATABASE!$F$4:$F$2003,$B36,DATABASE!$O$4:$O$2003,"Nonaktif")) | H36: =IF($B36="","",COUNTIF(DATABASE!$F$4:$F$2003,$B36)) | I36: =IF(OR($B36="",COUNTA(DATABASE!$B$4:$B$2003)=0),"",$H36/COUNTA(DATABASE!$B$4:$B$2003))
B37: =IFERROR(INDEX(daftar_kampung,8),"") | C37: =IF($B37="","",COUNTIFS(DATABASE!$F$4:$F$2003,$B37,DATABASE!$D$4:$D$2003,"L")) | D37: =IF($B37="","",COUNTIFS(DATABASE!$F$4:$F$2003,$B37,DATABASE!$D$4:$D$2003,"P")) | E37: =IF($B37="","",COUNTIFS(DATABASE!$F$4:$F$2003,$B37,DATABASE!$O$4:$O$2003,"Aktif")) | F37: =IF($B37="","",COUNTIFS(DATABASE!$F$4:$F$2003,$B37,DATABASE!$O$4:$O$2003,"Calon")) | G37: =IF($B37="","",COUNTIFS(DATABASE!$F$4:$F$2003,$B37,DATABASE!$O$4:$O$2003,"Nonaktif")) | H37: =IF($B37="","",COUNTIF(DATABASE!$F$4:$F$2003,$B37)) | I37: =IF(OR($B37="",COUNTA(DATABASE!$B$4:$B$2003)=0),"",$H37/COUNTA(DATABASE!$B$4:$B$2003))
B38: =IFERROR(INDEX(daftar_kampung,9),"") | C38: =IF($B38="","",COUNTIFS(DATABASE!$F$4:$F$2003,$B38,DATABASE!$D$4:$D$2003,"L")) | D38: =IF($B38="","",COUNTIFS(DATABASE!$F$4:$F$2003,$B38,DATABASE!$D$4:$D$2003,"P")) | E38: =IF($B38="","",COUNTIFS(DATABASE!$F$4:$F$2003,$B38,DATABASE!$O$4:$O$2003,"Aktif")) | F38: =IF($B38="","",COUNTIFS(DATABASE!$F$4:$F$2003,$B38,DATABASE!$O$4:$O$2003,"Calon")) | G38: =IF($B38="","",COUNTIFS(DATABASE!$F$4:$F$2003,$B38,DATABASE!$O$4:$O$2003,"Nonaktif")) | H38: =IF($B38="","",COUNTIF(DATABASE!$F$4:$F$2003,$B38)) | I38: =IF(OR($B38="",COUNTA(DATABASE!$B$4:$B$2003)=0),"",$H38/COUNTA(DATABASE!$B$4:$B$2003))
B39: =IFERROR(INDEX(daftar_kampung,10),"") | C39: =IF($B39="","",COUNTIFS(DATABASE!$F$4:$F$2003,$B39,DATABASE!$D$4:$D$2003,"L")) | D39: =IF($B39="","",COUNTIFS(DATABASE!$F$4:$F$2003,$B39,DATABASE!$D$4:$D$2003,"P")) | E39: =IF($B39="","",COUNTIFS(DATABASE!$F$4:$F$2003,$B39,DATABASE!$O$4:$O$2003,"Aktif")) | F39: =IF($B39="","",COUNTIFS(DATABASE!$F$4:$F$2003,$B39,DATABASE!$O$4:$O$2003,"Calon")) | G39: =IF($B39="","",COUNTIFS(DATABASE!$F$4:$F$2003,$B39,DATABASE!$O$4:$O$2003,"Nonaktif")) | H39: =IF($B39="","",COUNTIF(DATABASE!$F$4:$F$2003,$B39)) | I39: =IF(OR($B39="",COUNTA(DATABASE!$B$4:$B$2003)=0),"",$H39/COUNTA(DATABASE!$B$4:$B$2003))
B40: =IFERROR(INDEX(daftar_kampung,11),"") | C40: =IF($B40="","",COUNTIFS(DATABASE!$F$4:$F$2003,$B40,DATABASE!$D$4:$D$2003,"L")) | D40: =IF($B40="","",COUNTIFS(DATABASE!$F$4:$F$2003,$B40,DATABASE!$D$4:$D$2003,"P")) | E40: =IF($B40="","",COUNTIFS(DATABASE!$F$4:$F$2003,$B40,DATABASE!$O$4:$O$2003,"Aktif")) | F40: =IF($B40="","",COUNTIFS(DATABASE!$F$4:$F$2003,$B40,DATABASE!$O$4:$O$2003,"Calon")) | G40: =IF($B40="","",COUNTIFS(DATABASE!$F$4:$F$2003,$B40,DATABASE!$O$4:$O$2003,"Nonaktif")) | H40: =IF($B40="","",COUNTIF(DATABASE!$F$4:$F$2003,$B40)) | I40: =IF(OR($B40="",COUNTA(DATABASE!$B$4:$B$2003)=0),"",$H40/COUNTA(DATABASE!$B$4:$B$2003))
B41: =IFERROR(INDEX(daftar_kampung,12),"") | C41: =IF($B41="","",COUNTIFS(DATABASE!$F$4:$F$2003,$B41,DATABASE!$D$4:$D$2003,"L")) | D41: =IF($B41="","",COUNTIFS(DATABASE!$F$4:$F$2003,$B41,DATABASE!$D$4:$D$2003,"P")) | E41: =IF($B41="","",COUNTIFS(DATABASE!$F$4:$F$2003,$B41,DATABASE!$O$4:$O$2003,"Aktif")) | F41: =IF($B41="","",COUNTIFS(DATABASE!$F$4:$F$2003,$B41,DATABASE!$O$4:$O$2003,"Calon")) | G41: =IF($B41="","",COUNTIFS(DATABASE!$F$4:$F$2003,$B41,DATABASE!$O$4:$O$2003,"Nonaktif")) | H41: =IF($B41="","",COUNTIF(DATABASE!$F$4:$F$2003,$B41)) | I41: =IF(OR($B41="",COUNTA(DATABASE!$B$4:$B$2003)=0),"",$H41/COUNTA(DATABASE!$B$4:$B$2003))
B42: =IFERROR(INDEX(daftar_kampung,13),"") | C42: =IF($B42="","",COUNTIFS(DATABASE!$F$4:$F$2003,$B42,DATABASE!$D$4:$D$2003,"L")) | D42: =IF($B42="","",COUNTIFS(DATABASE!$F$4:$F$2003,$B42,DATABASE!$D$4:$D$2003,"P")) | E42: =IF($B42="","",COUNTIFS(DATABASE!$F$4:$F$2003,$B42,DATABASE!$O$4:$O$2003,"Aktif")) | F42: =IF($B42="","",COUNTIFS(DATABASE!$F$4:$F$2003,$B42,DATABASE!$O$4:$O$2003,"Calon")) | G42: =IF($B42="","",COUNTIFS(DATABASE!$F$4:$F$2003,$B42,DATABASE!$O$4:$O$2003,"Nonaktif")) | H42: =IF($B42="","",COUNTIF(DATABASE!$F$4:$F$2003,$B42)) | I42: =IF(OR($B42="",COUNTA(DATABASE!$B$4:$B$2003)=0),"",$H42/COUNTA(DATABASE!$B$4:$B$2003))
B43: =IFERROR(INDEX(daftar_kampung,14),"") | C43: =IF($B43="","",COUNTIFS(DATABASE!$F$4:$F$2003,$B43,DATABASE!$D$4:$D$2003,"L")) | D43: =IF($B43="","",COUNTIFS(DATABASE!$F$4:$F$2003,$B43,DATABASE!$D$4:$D$2003,"P")) | E43: =IF($B43="","",COUNTIFS(DATABASE!$F$4:$F$2003,$B43,DATABASE!$O$4:$O$2003,"Aktif")) | F43: =IF($B43="","",COUNTIFS(DATABASE!$F$4:$F$2003,$B43,DATABASE!$O$4:$O$2003,"Calon")) | G43: =IF($B43="","",COUNTIFS(DATABASE!$F$4:$F$2003,$B43,DATABASE!$O$4:$O$2003,"Nonaktif")) | H43: =IF($B43="","",COUNTIF(DATABASE!$F$4:$F$2003,$B43)) | I43: =IF(OR($B43="",COUNTA(DATABASE!$B$4:$B$2003)=0),"",$H43/COUNTA(DATABASE!$B$4:$B$2003))
B44: =IFERROR(INDEX(daftar_kampung,15),"") | C44: =IF($B44="","",COUNTIFS(DATABASE!$F$4:$F$2003,$B44,DATABASE!$D$4:$D$2003,"L")) | D44: =IF($B44="","",COUNTIFS(DATABASE!$F$4:$F$2003,$B44,DATABASE!$D$4:$D$2003,"P")) | E44: =IF($B44="","",COUNTIFS(DATABASE!$F$4:$F$2003,$B44,DATABASE!$O$4:$O$2003,"Aktif")) | F44: =IF($B44="","",COUNTIFS(DATABASE!$F$4:$F$2003,$B44,DATABASE!$O$4:$O$2003,"Calon")) | G44: =IF($B44="","",COUNTIFS(DATABASE!$F$4:$F$2003,$B44,DATABASE!$O$4:$O$2003,"Nonaktif")) | H44: =IF($B44="","",COUNTIF(DATABASE!$F$4:$F$2003,$B44)) | I44: =IF(OR($B44="",COUNTA(DATABASE!$B$4:$B$2003)=0),"",$H44/COUNTA(DATABASE!$B$4:$B$2003))
B45: =IFERROR(INDEX(daftar_kampung,16),"") | C45: =IF($B45="","",COUNTIFS(DATABASE!$F$4:$F$2003,$B45,DATABASE!$D$4:$D$2003,"L")) | D45: =IF($B45="","",COUNTIFS(DATABASE!$F$4:$F$2003,$B45,DATABASE!$D$4:$D$2003,"P")) | E45: =IF($B45="","",COUNTIFS(DATABASE!$F$4:$F$2003,$B45,DATABASE!$O$4:$O$2003,"Aktif")) | F45: =IF($B45="","",COUNTIFS(DATABASE!$F$4:$F$2003,$B45,DATABASE!$O$4:$O$2003,"Calon")) | G45: =IF($B45="","",COUNTIFS(DATABASE!$F$4:$F$2003,$B45,DATABASE!$O$4:$O$2003,"Nonaktif")) | H45: =IF($B45="","",COUNTIF(DATABASE!$F$4:$F$2003,$B45)) | I45: =IF(OR($B45="",COUNTA(DATABASE!$B$4:$B$2003)=0),"",$H45/COUNTA(DATABASE!$B$4:$B$2003))
B46: =IFERROR(INDEX(daftar_kampung,17),"") | C46: =IF($B46="","",COUNTIFS(DATABASE!$F$4:$F$2003,$B46,DATABASE!$D$4:$D$2003,"L")) | D46: =IF($B46="","",COUNTIFS(DATABASE!$F$4:$F$2003,$B46,DATABASE!$D$4:$D$2003,"P")) | E46: =IF($B46="","",COUNTIFS(DATABASE!$F$4:$F$2003,$B46,DATABASE!$O$4:$O$2003,"Aktif")) | F46: =IF($B46="","",COUNTIFS(DATABASE!$F$4:$F$2003,$B46,DATABASE!$O$4:$O$2003,"Calon")) | G46: =IF($B46="","",COUNTIFS(DATABASE!$F$4:$F$2003,$B46,DATABASE!$O$4:$O$2003,"Nonaktif")) | H46: =IF($B46="","",COUNTIF(DATABASE!$F$4:$F$2003,$B46)) | I46: =IF(OR($B46="",COUNTA(DATABASE!$B$4:$B$2003)=0),"",$H46/COUNTA(DATABASE!$B$4:$B$2003))
B47: =IFERROR(INDEX(daftar_kampung,18),"") | C47: =IF($B47="","",COUNTIFS(DATABASE!$F$4:$F$2003,$B47,DATABASE!$D$4:$D$2003,"L")) | D47: =IF($B47="","",COUNTIFS(DATABASE!$F$4:$F$2003,$B47,DATABASE!$D$4:$D$2003,"P")) | E47: =IF($B47="","",COUNTIFS(DATABASE!$F$4:$F$2003,$B47,DATABASE!$O$4:$O$2003,"Aktif")) | F47: =IF($B47="","",COUNTIFS(DATABASE!$F$4:$F$2003,$B47,DATABASE!$O$4:$O$2003,"Calon")) | G47: =IF($B47="","",COUNTIFS(DATABASE!$F$4:$F$2003,$B47,DATABASE!$O$4:$O$2003,"Nonaktif")) | H47: =IF($B47="","",COUNTIF(DATABASE!$F$4:$F$2003,$B47)) | I47: =IF(OR($B47="",COUNTA(DATABASE!$B$4:$B$2003)=0),"",$H47/COUNTA(DATABASE!$B$4:$B$2003))
B48: =IFERROR(INDEX(daftar_kampung,19),"") | C48: =IF($B48="","",COUNTIFS(DATABASE!$F$4:$F$2003,$B48,DATABASE!$D$4:$D$2003,"L")) | D48: =IF($B48="","",COUNTIFS(DATABASE!$F$4:$F$2003,$B48,DATABASE!$D$4:$D$2003,"P")) | E48: =IF($B48="","",COUNTIFS(DATABASE!$F$4:$F$2003,$B48,DATABASE!$O$4:$O$2003,"Aktif")) | F48: =IF($B48="","",COUNTIFS(DATABASE!$F$4:$F$2003,$B48,DATABASE!$O$4:$O$2003,"Calon")) | G48: =IF($B48="","",COUNTIFS(DATABASE!$F$4:$F$2003,$B48,DATABASE!$O$4:$O$2003,"Nonaktif")) | H48: =IF($B48="","",COUNTIF(DATABASE!$F$4:$F$2003,$B48)) | I48: =IF(OR($B48="",COUNTA(DATABASE!$B$4:$B$2003)=0),"",$H48/COUNTA(DATABASE!$B$4:$B$2003))
B49: =IFERROR(INDEX(daftar_kampung,20),"") | C49: =IF($B49="","",COUNTIFS(DATABASE!$F$4:$F$2003,$B49,DATABASE!$D$4:$D$2003,"L")) | D49: =IF($B49="","",COUNTIFS(DATABASE!$F$4:$F$2003,$B49,DATABASE!$D$4:$D$2003,"P")) | E49: =IF($B49="","",COUNTIFS(DATABASE!$F$4:$F$2003,$B49,DATABASE!$O$4:$O$2003,"Aktif")) | F49: =IF($B49="","",COUNTIFS(DATABASE!$F$4:$F$2003,$B49,DATABASE!$O$4:$O$2003,"Calon")) | G49: =IF($B49="","",COUNTIFS(DATABASE!$F$4:$F$2003,$B49,DATABASE!$O$4:$O$2003,"Nonaktif")) | H49: =IF($B49="","",COUNTIF(DATABASE!$F$4:$F$2003,$B49)) | I49: =IF(OR($B49="",COUNTA(DATABASE!$B$4:$B$2003)=0),"",$H49/COUNTA(DATABASE!$B$4:$B$2003))
B50: TOTAL | C50: =SUM(C30:C49) -> 0 | D50: =SUM(D30:D49) -> 0 | E50: =SUM(E30:E49) -> 0 | F50: =SUM(F30:F49) -> 0 | G50: =SUM(G30:G49) -> 0 | H50: =SUM(H30:H49) -> 42 | I50: =IF(SUM(H30:H49)=0,"",1) -> 1
B52: ▌ C. REKAP PER JABATAN
B53: JABATAN | C53: JUMLAH | D53: AKTIF | E53: % TOTAL
B54: =IFERROR(INDEX(daftar_jabatan,1),"") -> Ketua Team | C54: =IF($B54="","",COUNTIF(DATABASE!$N$4:$N$2003,$B54)) -> 1 | D54: =IF($B54="","",COUNTIFS(DATABASE!$N$4:$N$2003,$B54,DATABASE!$T$4:$T$2003,"Aktif")) -> 1 | E54: =IF(OR($B54="",COUNTA(DATABASE!$B$4:$B$2003)=0),"",$C54/COUNTA(DATABASE!$B$4:$B$2003)) -> 0.019230769
B55: =IFERROR(INDEX(daftar_jabatan,2),"") -> Wakil Ketua | C55: =IF($B55="","",COUNTIF(DATABASE!$N$4:$N$2003,$B55)) -> 0 | D55: =IF($B55="","",COUNTIFS(DATABASE!$N$4:$N$2003,$B55,DATABASE!$T$4:$T$2003,"Aktif")) -> 0 | E55: =IF(OR($B55="",COUNTA(DATABASE!$B$4:$B$2003)=0),"",$C55/COUNTA(DATABASE!$B$4:$B$2003)) -> 0
B56: =IFERROR(INDEX(daftar_jabatan,3),"") -> Sekretaris | C56: =IF($B56="","",COUNTIF(DATABASE!$N$4:$N$2003,$B56)) -> 0 | D56: =IF($B56="","",COUNTIFS(DATABASE!$N$4:$N$2003,$B56,DATABASE!$T$4:$T$2003,"Aktif")) -> 0 | E56: =IF(OR($B56="",COUNTA(DATABASE!$B$4:$B$2003)=0),"",$C56/COUNTA(DATABASE!$B$4:$B$2003)) -> 0
B57: =IFERROR(INDEX(daftar_jabatan,4),"") -> Bendahara | C57: =IF($B57="","",COUNTIF(DATABASE!$N$4:$N$2003,$B57)) -> 0 | D57: =IF($B57="","",COUNTIFS(DATABASE!$N$4:$N$2003,$B57,DATABASE!$T$4:$T$2003,"Aktif")) -> 0 | E57: =IF(OR($B57="",COUNTA(DATABASE!$B$4:$B$2003)=0),"",$C57/COUNTA(DATABASE!$B$4:$B$2003)) -> 0
B58: =IFERROR(INDEX(daftar_jabatan,5),"") -> Kadus | C58: =IF($B58="","",COUNTIF(DATABASE!$N$4:$N$2003,$B58)) -> 1 | D58: =IF($B58="","",COUNTIFS(DATABASE!$N$4:$N$2003,$B58,DATABASE!$T$4:$T$2003,"Aktif")) -> 1 | E58: =IF(OR($B58="",COUNTA(DATABASE!$B$4:$B$2003)=0),"",$C58/COUNTA(DATABASE!$B$4:$B$2003)) -> 0.019230769
B59: =IFERROR(INDEX(daftar_jabatan,6),"") -> Ketua RW | C59: =IF($B59="","",COUNTIF(DATABASE!$N$4:$N$2003,$B59)) -> 1 | D59: =IF($B59="","",COUNTIFS(DATABASE!$N$4:$N$2003,$B59,DATABASE!$T$4:$T$2003,"Aktif")) -> 1 | E59: =IF(OR($B59="",COUNTA(DATABASE!$B$4:$B$2003)=0),"",$C59/COUNTA(DATABASE!$B$4:$B$2003)) -> 0.019230769
B60: =IFERROR(INDEX(daftar_jabatan,7),"") -> Ketua RT | C60: =IF($B60="","",COUNTIF(DATABASE!$N$4:$N$2003,$B60)) -> 1 | D60: =IF($B60="","",COUNTIFS(DATABASE!$N$4:$N$2003,$B60,DATABASE!$T$4:$T$2003,"Aktif")) -> 1 | E60: =IF(OR($B60="",COUNTA(DATABASE!$B$4:$B$2003)=0),"",$C60/COUNTA(DATABASE!$B$4:$B$2003)) -> 0.019230769
B61: =IFERROR(INDEX(daftar_jabatan,8),"") -> Koordinator Wilayah | C61: =IF($B61="","",COUNTIF(DATABASE!$N$4:$N$2003,$B61)) -> 0 | D61: =IF($B61="","",COUNTIFS(DATABASE!$N$4:$N$2003,$B61,DATABASE!$T$4:$T$2003,"Aktif")) -> 0 | E61: =IF(OR($B61="",COUNTA(DATABASE!$B$4:$B$2003)=0),"",$C61/COUNTA(DATABASE!$B$4:$B$2003)) -> 0
B62: =IFERROR(INDEX(daftar_jabatan,9),"") -> Koordinator Lapangan | C62: =IF($B62="","",COUNTIF(DATABASE!$N$4:$N$2003,$B62)) -> 0 | D62: =IF($B62="","",COUNTIFS(DATABASE!$N$4:$N$2003,$B62,DATABASE!$T$4:$T$2003,"Aktif")) -> 0 | E62: =IF(OR($B62="",COUNTA(DATABASE!$B$4:$B$2003)=0),"",$C62/COUNTA(DATABASE!$B$4:$B$2003)) -> 0
B63: =IFERROR(INDEX(daftar_jabatan,10),"") -> Anggota | C63: =IF($B63="","",COUNTIF(DATABASE!$N$4:$N$2003,$B63)) -> 48 | D63: =IF($B63="","",COUNTIFS(DATABASE!$N$4:$N$2003,$B63,DATABASE!$T$4:$T$2003,"Aktif")) -> 48 | E63: =IF(OR($B63="",COUNTA(DATABASE!$B$4:$B$2003)=0),"",$C63/COUNTA(DATABASE!$B$4:$B$2003)) -> 0.92307692
B64: =IFERROR(INDEX(daftar_jabatan,11),"") -> Relawan | C64: =IF($B64="","",COUNTIF(DATABASE!$N$4:$N$2003,$B64)) -> 0 | D64: =IF($B64="","",COUNTIFS(DATABASE!$N$4:$N$2003,$B64,DATABASE!$T$4:$T$2003,"Aktif")) -> 0 | E64: =IF(OR($B64="",COUNTA(DATABASE!$B$4:$B$2003)=0),"",$C64/COUNTA(DATABASE!$B$4:$B$2003)) -> 0
B65: =IFERROR(INDEX(daftar_jabatan,12),"") | C65: =IF($B65="","",COUNTIF(DATABASE!$N$4:$N$2003,$B65)) | D65: =IF($B65="","",COUNTIFS(DATABASE!$N$4:$N$2003,$B65,DATABASE!$T$4:$T$2003,"Aktif")) | E65: =IF(OR($B65="",COUNTA(DATABASE!$B$4:$B$2003)=0),"",$C65/COUNTA(DATABASE!$B$4:$B$2003))
B67: ▌ D. SEGMEN USIA PEMILIH
B68: KELOMPOK USIA | C68: JUMLAH | D68: LAKI-LAKI | E68: PEREMPUAN | F68: % TOTAL
B69: =REFERENSI!$L$6 -> Di bawah 17 th | C69: =IF($B69="","",COUNTIF(DATABASE!$S$4:$S$2003,$B69)) -> 0 | D69: =IF($B69="","",COUNTIFS(DATABASE!$S$4:$S$2003,$B69,DATABASE!$E$4:$E$2003,"L")) -> 0 | E69: =IF($B69="","",COUNTIFS(DATABASE!$S$4:$S$2003,$B69,DATABASE!$E$4:$E$2003,"P")) -> 0 | F69: =IF(OR($B69="",COUNT(DATABASE!$R$4:$R$2003)=0),"",$C69/COUNT(DATABASE!$R$4:$R$2003))
B70: =REFERENSI!$L$7 -> Pemula 17-22 th | C70: =IF($B70="","",COUNTIF(DATABASE!$S$4:$S$2003,$B70)) -> 0 | D70: =IF($B70="","",COUNTIFS(DATABASE!$S$4:$S$2003,$B70,DATABASE!$E$4:$E$2003,"L")) -> 0 | E70: =IF($B70="","",COUNTIFS(DATABASE!$S$4:$S$2003,$B70,DATABASE!$E$4:$E$2003,"P")) -> 0 | F70: =IF(OR($B70="",COUNT(DATABASE!$R$4:$R$2003)=0),"",$C70/COUNT(DATABASE!$R$4:$R$2003))
B71: =REFERENSI!$L$8 -> Muda 23-35 th | C71: =IF($B71="","",COUNTIF(DATABASE!$S$4:$S$2003,$B71)) -> 0 | D71: =IF($B71="","",COUNTIFS(DATABASE!$S$4:$S$2003,$B71,DATABASE!$E$4:$E$2003,"L")) -> 0 | E71: =IF($B71="","",COUNTIFS(DATABASE!$S$4:$S$2003,$B71,DATABASE!$E$4:$E$2003,"P")) -> 0 | F71: =IF(OR($B71="",COUNT(DATABASE!$R$4:$R$2003)=0),"",$C71/COUNT(DATABASE!$R$4:$R$2003))
B72: =REFERENSI!$L$9 -> Dewasa 36-50 th | C72: =IF($B72="","",COUNTIF(DATABASE!$S$4:$S$2003,$B72)) -> 0 | D72: =IF($B72="","",COUNTIFS(DATABASE!$S$4:$S$2003,$B72,DATABASE!$E$4:$E$2003,"L")) -> 0 | E72: =IF($B72="","",COUNTIFS(DATABASE!$S$4:$S$2003,$B72,DATABASE!$E$4:$E$2003,"P")) -> 0 | F72: =IF(OR($B72="",COUNT(DATABASE!$R$4:$R$2003)=0),"",$C72/COUNT(DATABASE!$R$4:$R$2003))
B73: =REFERENSI!$L$10 -> Matang 51-65 th | C73: =IF($B73="","",COUNTIF(DATABASE!$S$4:$S$2003,$B73)) -> 0 | D73: =IF($B73="","",COUNTIFS(DATABASE!$S$4:$S$2003,$B73,DATABASE!$E$4:$E$2003,"L")) -> 0 | E73: =IF($B73="","",COUNTIFS(DATABASE!$S$4:$S$2003,$B73,DATABASE!$E$4:$E$2003,"P")) -> 0 | F73: =IF(OR($B73="",COUNT(DATABASE!$R$4:$R$2003)=0),"",$C73/COUNT(DATABASE!$R$4:$R$2003))
B74: =REFERENSI!$L$11 -> Senior 66 th + | C74: =IF($B74="","",COUNTIF(DATABASE!$S$4:$S$2003,$B74)) -> 0 | D74: =IF($B74="","",COUNTIFS(DATABASE!$S$4:$S$2003,$B74,DATABASE!$E$4:$E$2003,"L")) -> 0 | E74: =IF($B74="","",COUNTIFS(DATABASE!$S$4:$S$2003,$B74,DATABASE!$E$4:$E$2003,"P")) -> 0 | F74: =IF(OR($B74="",COUNT(DATABASE!$R$4:$R$2003)=0),"",$C74/COUNT(DATABASE!$R$4:$R$2003))
B75: Tanpa tanggal lahir | C75: =COUNTA(DATABASE!$B$4:$B$2003)-COUNT(DATABASE!$R$4:$R$2003) -> 52
B77: ▌ E. SEBARAN PER TPS
B78: TPS | C78: =REFERENSI!$H$6 -> 01 | D78: =REFERENSI!$H$7 -> 02 | E78: =REFERENSI!$H$8 -> 03 | F78: =REFERENSI!$H$9 -> 04 | G78: =REFERENSI!$H$10 -> 05 | H78: =REFERENSI!$H$11 -> 06 | I78: =REFERENSI!$H$12 -> 07 | J78: =REFERENSI!$H$13 -> 08 | K78: =REFERENSI!$H$14 -> 09 | L78: =REFERENSI!$H$15 -> 10
B79: JUMLAH | C79: =IF(C$78="","",COUNTIF(DATABASE!$P$4:$P$2003,C$78)) -> 0 | D79: =IF(D$78="","",COUNTIF(DATABASE!$P$4:$P$2003,D$78)) -> 0 | E79: =IF(E$78="","",COUNTIF(DATABASE!$P$4:$P$2003,E$78)) -> 0 | F79: =IF(F$78="","",COUNTIF(DATABASE!$P$4:$P$2003,F$78)) -> 0 | G79: =IF(G$78="","",COUNTIF(DATABASE!$P$4:$P$2003,G$78)) -> 0 | H79: =IF(H$78="","",COUNTIF(DATABASE!$P$4:$P$2003,H$78)) -> 0 | I79: =IF(I$78="","",COUNTIF(DATABASE!$P$4:$P$2003,I$78)) -> 0 | J79: =IF(J$78="","",COUNTIF(DATABASE!$P$4:$P$2003,J$78)) -> 0 | ... L79: =IF(L$78="","",COUNTIF(DATABASE!$P$4:$P$2003,L$78)) -> 0
B81: ▌ F. DAFTAR ANGGOTA PER KORWIL
B82: PILIH KAMPUNG | E82: RT | G82: RW | I82: JUMLAH | J82: =COUNTIF(DATABASE!$M$4:$M$2003,$AA$1) -> 0 | K82: ◀ isi sel kuning
B83: NO | C83: NAMA LENGKAP | D83: NIK | E83: L/P | F83: JABATAN | G83: NO. HP | H83: STATUS | I83: ALAMAT
B84: 1 | C84: =IFERROR(INDEX(DATABASE!$B$4:$B$2003,MATCH($AA$1&"#"&$B84,DATABASE!$X$4:$X$2003,0))&"","") | D84: =IFERROR(INDEX(DATABASE!$C$4:$C$2003,MATCH($AA$1&"#"&$B84,DATABASE!$X$4:$X$2003,0))&"","") | E84: =IFERROR(INDEX(DATABASE!$E$4:$E$2003,MATCH($AA$1&"#"&$B84,DATABASE!$X$4:$X$2003,0))&"","") | F84: =IFERROR(INDEX(DATABASE!$N$4:$N$2003,MATCH($AA$1&"#"&$B84,DATABASE!$X$4:$X$2003,0))&"","") | G84: =IFERROR(INDEX(DATABASE!$O$4:$O$2003,MATCH($AA$1&"#"&$B84,DATABASE!$X$4:$X$2003,0))&"","") | H84: =IFERROR(INDEX(DATABASE!$T$4:$T$2003,MATCH($AA$1&"#"&$B84,DATABASE!$X$4:$X$2003,0))&"","") | I84: =IFERROR(INDEX(DATABASE!$I$4:$I$2003,MATCH($AA$1&"#"&$B84,DATABASE!$X$4:$X$2003,0))&"","")
B85: 2 | C85: =IFERROR(INDEX(DATABASE!$B$4:$B$2003,MATCH($AA$1&"#"&$B85,DATABASE!$X$4:$X$2003,0))&"","") | D85: =IFERROR(INDEX(DATABASE!$C$4:$C$2003,MATCH($AA$1&"#"&$B85,DATABASE!$X$4:$X$2003,0))&"","") | E85: =IFERROR(INDEX(DATABASE!$E$4:$E$2003,MATCH($AA$1&"#"&$B85,DATABASE!$X$4:$X$2003,0))&"","") | F85: =IFERROR(INDEX(DATABASE!$N$4:$N$2003,MATCH($AA$1&"#"&$B85,DATABASE!$X$4:$X$2003,0))&"","") | G85: =IFERROR(INDEX(DATABASE!$O$4:$O$2003,MATCH($AA$1&"#"&$B85,DATABASE!$X$4:$X$2003,0))&"","") | H85: =IFERROR(INDEX(DATABASE!$T$4:$T$2003,MATCH($AA$1&"#"&$B85,DATABASE!$X$4:$X$2003,0))&"","") | I85: =IFERROR(INDEX(DATABASE!$I$4:$I$2003,MATCH($AA$1&"#"&$B85,DATABASE!$X$4:$X$2003,0))&"","")
B86: 3 | C86: =IFERROR(INDEX(DATABASE!$B$4:$B$2003,MATCH($AA$1&"#"&$B86,DATABASE!$X$4:$X$2003,0))&"","") | D86: =IFERROR(INDEX(DATABASE!$C$4:$C$2003,MATCH($AA$1&"#"&$B86,DATABASE!$X$4:$X$2003,0))&"","") | E86: =IFERROR(INDEX(DATABASE!$E$4:$E$2003,MATCH($AA$1&"#"&$B86,DATABASE!$X$4:$X$2003,0))&"","") | F86: =IFERROR(INDEX(DATABASE!$N$4:$N$2003,MATCH($AA$1&"#"&$B86,DATABASE!$X$4:$X$2003,0))&"","") | G86: =IFERROR(INDEX(DATABASE!$O$4:$O$2003,MATCH($AA$1&"#"&$B86,DATABASE!$X$4:$X$2003,0))&"","") | H86: =IFERROR(INDEX(DATABASE!$T$4:$T$2003,MATCH($AA$1&"#"&$B86,DATABASE!$X$4:$X$2003,0))&"","") | I86: =IFERROR(INDEX(DATABASE!$I$4:$I$2003,MATCH($AA$1&"#"&$B86,DATABASE!$X$4:$X$2003,0))&"","")
B87: 4 | C87: =IFERROR(INDEX(DATABASE!$B$4:$B$2003,MATCH($AA$1&"#"&$B87,DATABASE!$X$4:$X$2003,0))&"","") | D87: =IFERROR(INDEX(DATABASE!$C$4:$C$2003,MATCH($AA$1&"#"&$B87,DATABASE!$X$4:$X$2003,0))&"","") | E87: =IFERROR(INDEX(DATABASE!$E$4:$E$2003,MATCH($AA$1&"#"&$B87,DATABASE!$X$4:$X$2003,0))&"","") | F87: =IFERROR(INDEX(DATABASE!$N$4:$N$2003,MATCH($AA$1&"#"&$B87,DATABASE!$X$4:$X$2003,0))&"","") | G87: =IFERROR(INDEX(DATABASE!$O$4:$O$2003,MATCH($AA$1&"#"&$B87,DATABASE!$X$4:$X$2003,0))&"","") | H87: =IFERROR(INDEX(DATABASE!$T$4:$T$2003,MATCH($AA$1&"#"&$B87,DATABASE!$X$4:$X$2003,0))&"","") | I87: =IFERROR(INDEX(DATABASE!$I$4:$I$2003,MATCH($AA$1&"#"&$B87,DATABASE!$X$4:$X$2003,0))&"","")
B88: 5 | C88: =IFERROR(INDEX(DATABASE!$B$4:$B$2003,MATCH($AA$1&"#"&$B88,DATABASE!$X$4:$X$2003,0))&"","") | D88: =IFERROR(INDEX(DATABASE!$C$4:$C$2003,MATCH($AA$1&"#"&$B88,DATABASE!$X$4:$X$2003,0))&"","") | E88: =IFERROR(INDEX(DATABASE!$E$4:$E$2003,MATCH($AA$1&"#"&$B88,DATABASE!$X$4:$X$2003,0))&"","") | F88: =IFERROR(INDEX(DATABASE!$N$4:$N$2003,MATCH($AA$1&"#"&$B88,DATABASE!$X$4:$X$2003,0))&"","") | G88: =IFERROR(INDEX(DATABASE!$O$4:$O$2003,MATCH($AA$1&"#"&$B88,DATABASE!$X$4:$X$2003,0))&"","") | H88: =IFERROR(INDEX(DATABASE!$T$4:$T$2003,MATCH($AA$1&"#"&$B88,DATABASE!$X$4:$X$2003,0))&"","") | I88: =IFERROR(INDEX(DATABASE!$I$4:$I$2003,MATCH($AA$1&"#"&$B88,DATABASE!$X$4:$X$2003,0))&"","")
B89: 6 | C89: =IFERROR(INDEX(DATABASE!$B$4:$B$2003,MATCH($AA$1&"#"&$B89,DATABASE!$X$4:$X$2003,0))&"","") | D89: =IFERROR(INDEX(DATABASE!$C$4:$C$2003,MATCH($AA$1&"#"&$B89,DATABASE!$X$4:$X$2003,0))&"","") | E89: =IFERROR(INDEX(DATABASE!$E$4:$E$2003,MATCH($AA$1&"#"&$B89,DATABASE!$X$4:$X$2003,0))&"","") | F89: =IFERROR(INDEX(DATABASE!$N$4:$N$2003,MATCH($AA$1&"#"&$B89,DATABASE!$X$4:$X$2003,0))&"","") | G89: =IFERROR(INDEX(DATABASE!$O$4:$O$2003,MATCH($AA$1&"#"&$B89,DATABASE!$X$4:$X$2003,0))&"","") | H89: =IFERROR(INDEX(DATABASE!$T$4:$T$2003,MATCH($AA$1&"#"&$B89,DATABASE!$X$4:$X$2003,0))&"","") | I89: =IFERROR(INDEX(DATABASE!$I$4:$I$2003,MATCH($AA$1&"#"&$B89,DATABASE!$X$4:$X$2003,0))&"","")
B90: 7 | C90: =IFERROR(INDEX(DATABASE!$B$4:$B$2003,MATCH($AA$1&"#"&$B90,DATABASE!$X$4:$X$2003,0))&"","") | D90: =IFERROR(INDEX(DATABASE!$C$4:$C$2003,MATCH($AA$1&"#"&$B90,DATABASE!$X$4:$X$2003,0))&"","") | E90: =IFERROR(INDEX(DATABASE!$E$4:$E$2003,MATCH($AA$1&"#"&$B90,DATABASE!$X$4:$X$2003,0))&"","") | F90: =IFERROR(INDEX(DATABASE!$N$4:$N$2003,MATCH($AA$1&"#"&$B90,DATABASE!$X$4:$X$2003,0))&"","") | G90: =IFERROR(INDEX(DATABASE!$O$4:$O$2003,MATCH($AA$1&"#"&$B90,DATABASE!$X$4:$X$2003,0))&"","") | H90: =IFERROR(INDEX(DATABASE!$T$4:$T$2003,MATCH($AA$1&"#"&$B90,DATABASE!$X$4:$X$2003,0))&"","") | I90: =IFERROR(INDEX(DATABASE!$I$4:$I$2003,MATCH($AA$1&"#"&$B90,DATABASE!$X$4:$X$2003,0))&"","")
B91: 8 | C91: =IFERROR(INDEX(DATABASE!$B$4:$B$2003,MATCH($AA$1&"#"&$B91,DATABASE!$X$4:$X$2003,0))&"","") | D91: =IFERROR(INDEX(DATABASE!$C$4:$C$2003,MATCH($AA$1&"#"&$B91,DATABASE!$X$4:$X$2003,0))&"","") | E91: =IFERROR(INDEX(DATABASE!$E$4:$E$2003,MATCH($AA$1&"#"&$B91,DATABASE!$X$4:$X$2003,0))&"","") | F91: =IFERROR(INDEX(DATABASE!$N$4:$N$2003,MATCH($AA$1&"#"&$B91,DATABASE!$X$4:$X$2003,0))&"","") | G91: =IFERROR(INDEX(DATABASE!$O$4:$O$2003,MATCH($AA$1&"#"&$B91,DATABASE!$X$4:$X$2003,0))&"","") | H91: =IFERROR(INDEX(DATABASE!$T$4:$T$2003,MATCH($AA$1&"#"&$B91,DATABASE!$X$4:$X$2003,0))&"","") | I91: =IFERROR(INDEX(DATABASE!$I$4:$I$2003,MATCH($AA$1&"#"&$B91,DATABASE!$X$4:$X$2003,0))&"","")
B92: 9 | C92: =IFERROR(INDEX(DATABASE!$B$4:$B$2003,MATCH($AA$1&"#"&$B92,DATABASE!$X$4:$X$2003,0))&"","") | D92: =IFERROR(INDEX(DATABASE!$C$4:$C$2003,MATCH($AA$1&"#"&$B92,DATABASE!$X$4:$X$2003,0))&"","") | E92: =IFERROR(INDEX(DATABASE!$E$4:$E$2003,MATCH($AA$1&"#"&$B92,DATABASE!$X$4:$X$2003,0))&"","") | F92: =IFERROR(INDEX(DATABASE!$N$4:$N$2003,MATCH($AA$1&"#"&$B92,DATABASE!$X$4:$X$2003,0))&"","") | G92: =IFERROR(INDEX(DATABASE!$O$4:$O$2003,MATCH($AA$1&"#"&$B92,DATABASE!$X$4:$X$2003,0))&"","") | H92: =IFERROR(INDEX(DATABASE!$T$4:$T$2003,MATCH($AA$1&"#"&$B92,DATABASE!$X$4:$X$2003,0))&"","") | I92: =IFERROR(INDEX(DATABASE!$I$4:$I$2003,MATCH($AA$1&"#"&$B92,DATABASE!$X$4:$X$2003,0))&"","")
B93: 10 | C93: =IFERROR(INDEX(DATABASE!$B$4:$B$2003,MATCH($AA$1&"#"&$B93,DATABASE!$X$4:$X$2003,0))&"","") | D93: =IFERROR(INDEX(DATABASE!$C$4:$C$2003,MATCH($AA$1&"#"&$B93,DATABASE!$X$4:$X$2003,0))&"","") | E93: =IFERROR(INDEX(DATABASE!$E$4:$E$2003,MATCH($AA$1&"#"&$B93,DATABASE!$X$4:$X$2003,0))&"","") | F93: =IFERROR(INDEX(DATABASE!$N$4:$N$2003,MATCH($AA$1&"#"&$B93,DATABASE!$X$4:$X$2003,0))&"","") | G93: =IFERROR(INDEX(DATABASE!$O$4:$O$2003,MATCH($AA$1&"#"&$B93,DATABASE!$X$4:$X$2003,0))&"","") | H93: =IFERROR(INDEX(DATABASE!$T$4:$T$2003,MATCH($AA$1&"#"&$B93,DATABASE!$X$4:$X$2003,0))&"","") | I93: =IFERROR(INDEX(DATABASE!$I$4:$I$2003,MATCH($AA$1&"#"&$B93,DATABASE!$X$4:$X$2003,0))&"","")
B94: 11 | C94: =IFERROR(INDEX(DATABASE!$B$4:$B$2003,MATCH($AA$1&"#"&$B94,DATABASE!$X$4:$X$2003,0))&"","") | D94: =IFERROR(INDEX(DATABASE!$C$4:$C$2003,MATCH($AA$1&"#"&$B94,DATABASE!$X$4:$X$2003,0))&"","") | E94: =IFERROR(INDEX(DATABASE!$E$4:$E$2003,MATCH($AA$1&"#"&$B94,DATABASE!$X$4:$X$2003,0))&"","") | F94: =IFERROR(INDEX(DATABASE!$N$4:$N$2003,MATCH($AA$1&"#"&$B94,DATABASE!$X$4:$X$2003,0))&"","") | G94: =IFERROR(INDEX(DATABASE!$O$4:$O$2003,MATCH($AA$1&"#"&$B94,DATABASE!$X$4:$X$2003,0))&"","") | H94: =IFERROR(INDEX(DATABASE!$T$4:$T$2003,MATCH($AA$1&"#"&$B94,DATABASE!$X$4:$X$2003,0))&"","") | I94: =IFERROR(INDEX(DATABASE!$I$4:$I$2003,MATCH($AA$1&"#"&$B94,DATABASE!$X$4:$X$2003,0))&"","")
B95: 12 | C95: =IFERROR(INDEX(DATABASE!$B$4:$B$2003,MATCH($AA$1&"#"&$B95,DATABASE!$X$4:$X$2003,0))&"","") | D95: =IFERROR(INDEX(DATABASE!$C$4:$C$2003,MATCH($AA$1&"#"&$B95,DATABASE!$X$4:$X$2003,0))&"","") | E95: =IFERROR(INDEX(DATABASE!$E$4:$E$2003,MATCH($AA$1&"#"&$B95,DATABASE!$X$4:$X$2003,0))&"","") | F95: =IFERROR(INDEX(DATABASE!$N$4:$N$2003,MATCH($AA$1&"#"&$B95,DATABASE!$X$4:$X$2003,0))&"","") | G95: =IFERROR(INDEX(DATABASE!$O$4:$O$2003,MATCH($AA$1&"#"&$B95,DATABASE!$X$4:$X$2003,0))&"","") | H95: =IFERROR(INDEX(DATABASE!$T$4:$T$2003,MATCH($AA$1&"#"&$B95,DATABASE!$X$4:$X$2003,0))&"","") | I95: =IFERROR(INDEX(DATABASE!$I$4:$I$2003,MATCH($AA$1&"#"&$B95,DATABASE!$X$4:$X$2003,0))&"","")
... B123: 40 | C123: =IFERROR(INDEX(DATABASE!$B$4:$B$2003,MATCH($AA$1&"#"&$B123,DATABASE!$X$4:$X$2003,0))&"","") | D123: =IFERROR(INDEX(DATABASE!$C$4:$C$2003,MATCH($AA$1&"#"&$B123,DATABASE!$X$4:$X$2003,0))&"","") | E123: =IFERROR(INDEX(DATABASE!$E$4:$E$2003,MATCH($AA$1&"#"&$B123,DATABASE!$X$4:$X$2003,0))&"","") | F123: =IFERROR(INDEX(DATABASE!$N$4:$N$2003,MATCH($AA$1&"#"&$B123,DATABASE!$X$4:$X$2003,0))&"","") | G123: =IFERROR(INDEX(DATABASE!$O$4:$O$2003,MATCH($AA$1&"#"&$B123,DATABASE!$X$4:$X$2003,0))&"","") | H123: =IFERROR(INDEX(DATABASE!$T$4:$T$2003,MATCH($AA$1&"#"&$B123,DATABASE!$X$4:$X$2003,0))&"","") | I123: =IFERROR(INDEX(DATABASE!$I$4:$I$2003,MATCH($AA$1&"#"&$B123,DATABASE!$X$4:$X$2003,0))&"","")
B125: Butuh pencarian bebas (nama / NIK / no. HP)? Gunakan sheet CARI.

Sheet TARGET
A1: TARGET & CAPAIAN PER KAMPUNG
A2: ◀ MENU | C2: Ubah angka target pada sheet PENGATURAN kolom TARGET.
B4: ▌ PERBANDINGAN TARGET DENGAN REALISASI
B5: KAMPUNG | C5: TARGET | D5: REALISASI | E5: AKTIF | F5: KURANG | G5: % CAPAIAN | H5: GRAFIK CAPAIAN
B6: =IFERROR(INDEX(daftar_kampung,1),"") -> Kp. Gamprit | C6: =IF($B6="","",IFERROR(INDEX(REFERENSI!$C$6:$C$45,1),0)) -> 0 | D6: =IF($B6="","",COUNTIF(DATABASE!$F$4:$F$2003,$B6)) -> 18 | E6: =IF($B6="","",COUNTIFS(DATABASE!$F$4:$F$2003,$B6,DATABASE!$T$4:$T$2003,"Aktif")) -> 18 | F6: =IF($B6="","",MAX(0,$C6-$D6)) -> 0 | G6: =IF(OR($B6="",$C6=0),"",$D6/$C6) | H6: =IF($G6="","",REPT("█",ROUND(MIN($G6,1)*20,0)))
B7: =IFERROR(INDEX(daftar_kampung,2),"") -> Kp. Kuda Kuda | C7: =IF($B7="","",IFERROR(INDEX(REFERENSI!$C$6:$C$45,2),0)) -> 0 | D7: =IF($B7="","",COUNTIF(DATABASE!$F$4:$F$2003,$B7)) -> 11 | E7: =IF($B7="","",COUNTIFS(DATABASE!$F$4:$F$2003,$B7,DATABASE!$T$4:$T$2003,"Aktif")) -> 11 | F7: =IF($B7="","",MAX(0,$C7-$D7)) -> 0 | G7: =IF(OR($B7="",$C7=0),"",$D7/$C7) | H7: =IF($G7="","",REPT("█",ROUND(MIN($G7,1)*20,0)))
B8: =IFERROR(INDEX(daftar_kampung,3),"") -> Kp. Wangkal | C8: =IF($B8="","",IFERROR(INDEX(REFERENSI!$C$6:$C$45,3),0)) -> 0 | D8: =IF($B8="","",COUNTIF(DATABASE!$F$4:$F$2003,$B8)) -> 10 | E8: =IF($B8="","",COUNTIFS(DATABASE!$F$4:$F$2003,$B8,DATABASE!$T$4:$T$2003,"Aktif")) -> 10 | F8: =IF($B8="","",MAX(0,$C8-$D8)) -> 0 | G8: =IF(OR($B8="",$C8=0),"",$D8/$C8) | H8: =IF($G8="","",REPT("█",ROUND(MIN($G8,1)*20,0)))
B9: =IFERROR(INDEX(daftar_kampung,4),"") -> Kp. Tenjolaut | C9: =IF($B9="","",IFERROR(INDEX(REFERENSI!$C$6:$C$45,4),0)) -> 0 | D9: =IF($B9="","",COUNTIF(DATABASE!$F$4:$F$2003,$B9)) -> 2 | E9: =IF($B9="","",COUNTIFS(DATABASE!$F$4:$F$2003,$B9,DATABASE!$T$4:$T$2003,"Aktif")) -> 2 | F9: =IF($B9="","",MAX(0,$C9-$D9)) -> 0 | G9: =IF(OR($B9="",$C9=0),"",$D9/$C9) | H9: =IF($G9="","",REPT("█",ROUND(MIN($G9,1)*20,0)))
B10: =IFERROR(INDEX(daftar_kampung,5),"") -> Kp. Putri Melintang | C10: =IF($B10="","",IFERROR(INDEX(REFERENSI!$C$6:$C$45,5),0)) -> 0 | D10: =IF($B10="","",COUNTIF(DATABASE!$F$4:$F$2003,$B10)) -> 1 | E10: =IF($B10="","",COUNTIFS(DATABASE!$F$4:$F$2003,$B10,DATABASE!$T$4:$T$2003,"Aktif")) -> 1 | F10: =IF($B10="","",MAX(0,$C10-$D10)) -> 0 | G10: =IF(OR($B10="",$C10=0),"",$D10/$C10) | H10: =IF($G10="","",REPT("█",ROUND(MIN($G10,1)*20,0)))
B11: =IFERROR(INDEX(daftar_kampung,6),"") | C11: =IF($B11="","",IFERROR(INDEX(REFERENSI!$C$6:$C$45,6),0)) | D11: =IF($B11="","",COUNTIF(DATABASE!$F$4:$F$2003,$B11)) | E11: =IF($B11="","",COUNTIFS(DATABASE!$F$4:$F$2003,$B11,DATABASE!$T$4:$T$2003,"Aktif")) | F11: =IF($B11="","",MAX(0,$C11-$D11)) | G11: =IF(OR($B11="",$C11=0),"",$D11/$C11) | H11: =IF($G11="","",REPT("█",ROUND(MIN($G11,1)*20,0)))
B12: =IFERROR(INDEX(daftar_kampung,7),"") | C12: =IF($B12="","",IFERROR(INDEX(REFERENSI!$C$6:$C$45,7),0)) | D12: =IF($B12="","",COUNTIF(DATABASE!$F$4:$F$2003,$B12)) | E12: =IF($B12="","",COUNTIFS(DATABASE!$F$4:$F$2003,$B12,DATABASE!$T$4:$T$2003,"Aktif")) | F12: =IF($B12="","",MAX(0,$C12-$D12)) | G12: =IF(OR($B12="",$C12=0),"",$D12/$C12) | H12: =IF($G12="","",REPT("█",ROUND(MIN($G12,1)*20,0)))
B13: =IFERROR(INDEX(daftar_kampung,8),"") | C13: =IF($B13="","",IFERROR(INDEX(REFERENSI!$C$6:$C$45,8),0)) | D13: =IF($B13="","",COUNTIF(DATABASE!$F$4:$F$2003,$B13)) | E13: =IF($B13="","",COUNTIFS(DATABASE!$F$4:$F$2003,$B13,DATABASE!$T$4:$T$2003,"Aktif")) | F13: =IF($B13="","",MAX(0,$C13-$D13)) | G13: =IF(OR($B13="",$C13=0),"",$D13/$C13) | H13: =IF($G13="","",REPT("█",ROUND(MIN($G13,1)*20,0)))
B14: =IFERROR(INDEX(daftar_kampung,9),"") | C14: =IF($B14="","",IFERROR(INDEX(REFERENSI!$C$6:$C$45,9),0)) | D14: =IF($B14="","",COUNTIF(DATABASE!$F$4:$F$2003,$B14)) | E14: =IF($B14="","",COUNTIFS(DATABASE!$F$4:$F$2003,$B14,DATABASE!$T$4:$T$2003,"Aktif")) | F14: =IF($B14="","",MAX(0,$C14-$D14)) | G14: =IF(OR($B14="",$C14=0),"",$D14/$C14) | H14: =IF($G14="","",REPT("█",ROUND(MIN($G14,1)*20,0)))
B15: =IFERROR(INDEX(daftar_kampung,10),"") | C15: =IF($B15="","",IFERROR(INDEX(REFERENSI!$C$6:$C$45,10),0)) | D15: =IF($B15="","",COUNTIF(DATABASE!$F$4:$F$2003,$B15)) | E15: =IF($B15="","",COUNTIFS(DATABASE!$F$4:$F$2003,$B15,DATABASE!$T$4:$T$2003,"Aktif")) | F15: =IF($B15="","",MAX(0,$C15-$D15)) | G15: =IF(OR($B15="",$C15=0),"",$D15/$C15) | H15: =IF($G15="","",REPT("█",ROUND(MIN($G15,1)*20,0)))
B16: =IFERROR(INDEX(daftar_kampung,11),"") | C16: =IF($B16="","",IFERROR(INDEX(REFERENSI!$C$6:$C$45,11),0)) | D16: =IF($B16="","",COUNTIF(DATABASE!$F$4:$F$2003,$B16)) | E16: =IF($B16="","",COUNTIFS(DATABASE!$F$4:$F$2003,$B16,DATABASE!$T$4:$T$2003,"Aktif")) | F16: =IF($B16="","",MAX(0,$C16-$D16)) | G16: =IF(OR($B16="",$C16=0),"",$D16/$C16) | H16: =IF($G16="","",REPT("█",ROUND(MIN($G16,1)*20,0)))
B17: =IFERROR(INDEX(daftar_kampung,12),"") | C17: =IF($B17="","",IFERROR(INDEX(REFERENSI!$C$6:$C$45,12),0)) | D17: =IF($B17="","",COUNTIF(DATABASE!$F$4:$F$2003,$B17)) | E17: =IF($B17="","",COUNTIFS(DATABASE!$F$4:$F$2003,$B17,DATABASE!$T$4:$T$2003,"Aktif")) | F17: =IF($B17="","",MAX(0,$C17-$D17)) | G17: =IF(OR($B17="",$C17=0),"",$D17/$C17) | H17: =IF($G17="","",REPT("█",ROUND(MIN($G17,1)*20,0)))
B18: =IFERROR(INDEX(daftar_kampung,13),"") | C18: =IF($B18="","",IFERROR(INDEX(REFERENSI!$C$6:$C$45,13),0)) | D18: =IF($B18="","",COUNTIF(DATABASE!$F$4:$F$2003,$B18)) | E18: =IF($B18="","",COUNTIFS(DATABASE!$F$4:$F$2003,$B18,DATABASE!$T$4:$T$2003,"Aktif")) | F18: =IF($B18="","",MAX(0,$C18-$D18)) | G18: =IF(OR($B18="",$C18=0),"",$D18/$C18) | H18: =IF($G18="","",REPT("█",ROUND(MIN($G18,1)*20,0)))
B19: =IFERROR(INDEX(daftar_kampung,14),"") | C19: =IF($B19="","",IFERROR(INDEX(REFERENSI!$C$6:$C$45,14),0)) | D19: =IF($B19="","",COUNTIF(DATABASE!$F$4:$F$2003,$B19)) | E19: =IF($B19="","",COUNTIFS(DATABASE!$F$4:$F$2003,$B19,DATABASE!$T$4:$T$2003,"Aktif")) | F19: =IF($B19="","",MAX(0,$C19-$D19)) | G19: =IF(OR($B19="",$C19=0),"",$D19/$C19) | H19: =IF($G19="","",REPT("█",ROUND(MIN($G19,1)*20,0)))
B20: =IFERROR(INDEX(daftar_kampung,15),"") | C20: =IF($B20="","",IFERROR(INDEX(REFERENSI!$C$6:$C$45,15),0)) | D20: =IF($B20="","",COUNTIF(DATABASE!$F$4:$F$2003,$B20)) | E20: =IF($B20="","",COUNTIFS(DATABASE!$F$4:$F$2003,$B20,DATABASE!$T$4:$T$2003,"Aktif")) | F20: =IF($B20="","",MAX(0,$C20-$D20)) | G20: =IF(OR($B20="",$C20=0),"",$D20/$C20) | H20: =IF($G20="","",REPT("█",ROUND(MIN($G20,1)*20,0)))
B21: =IFERROR(INDEX(daftar_kampung,16),"") | C21: =IF($B21="","",IFERROR(INDEX(REFERENSI!$C$6:$C$45,16),0)) | D21: =IF($B21="","",COUNTIF(DATABASE!$F$4:$F$2003,$B21)) | E21: =IF($B21="","",COUNTIFS(DATABASE!$F$4:$F$2003,$B21,DATABASE!$T$4:$T$2003,"Aktif")) | F21: =IF($B21="","",MAX(0,$C21-$D21)) | G21: =IF(OR($B21="",$C21=0),"",$D21/$C21) | H21: =IF($G21="","",REPT("█",ROUND(MIN($G21,1)*20,0)))
B22: =IFERROR(INDEX(daftar_kampung,17),"") | C22: =IF($B22="","",IFERROR(INDEX(REFERENSI!$C$6:$C$45,17),0)) | D22: =IF($B22="","",COUNTIF(DATABASE!$F$4:$F$2003,$B22)) | E22: =IF($B22="","",COUNTIFS(DATABASE!$F$4:$F$2003,$B22,DATABASE!$T$4:$T$2003,"Aktif")) | F22: =IF($B22="","",MAX(0,$C22-$D22)) | G22: =IF(OR($B22="",$C22=0),"",$D22/$C22) | H22: =IF($G22="","",REPT("█",ROUND(MIN($G22,1)*20,0)))
B23: =IFERROR(INDEX(daftar_kampung,18),"") | C23: =IF($B23="","",IFERROR(INDEX(REFERENSI!$C$6:$C$45,18),0)) | D23: =IF($B23="","",COUNTIF(DATABASE!$F$4:$F$2003,$B23)) | E23: =IF($B23="","",COUNTIFS(DATABASE!$F$4:$F$2003,$B23,DATABASE!$T$4:$T$2003,"Aktif")) | F23: =IF($B23="","",MAX(0,$C23-$D23)) | G23: =IF(OR($B23="",$C23=0),"",$D23/$C23) | H23: =IF($G23="","",REPT("█",ROUND(MIN($G23,1)*20,0)))
B24: =IFERROR(INDEX(daftar_kampung,19),"") | C24: =IF($B24="","",IFERROR(INDEX(REFERENSI!$C$6:$C$45,19),0)) | D24: =IF($B24="","",COUNTIF(DATABASE!$F$4:$F$2003,$B24)) | E24: =IF($B24="","",COUNTIFS(DATABASE!$F$4:$F$2003,$B24,DATABASE!$T$4:$T$2003,"Aktif")) | F24: =IF($B24="","",MAX(0,$C24-$D24)) | G24: =IF(OR($B24="",$C24=0),"",$D24/$C24) | H24: =IF($G24="","",REPT("█",ROUND(MIN($G24,1)*20,0)))
B25: =IFERROR(INDEX(daftar_kampung,20),"") | C25: =IF($B25="","",IFERROR(INDEX(REFERENSI!$C$6:$C$45,20),0)) | D25: =IF($B25="","",COUNTIF(DATABASE!$F$4:$F$2003,$B25)) | E25: =IF($B25="","",COUNTIFS(DATABASE!$F$4:$F$2003,$B25,DATABASE!$T$4:$T$2003,"Aktif")) | F25: =IF($B25="","",MAX(0,$C25-$D25)) | G25: =IF(OR($B25="",$C25=0),"",$D25/$C25) | H25: =IF($G25="","",REPT("█",ROUND(MIN($G25,1)*20,0)))
B26: TOTAL | C26: =SUM(C6:C25) -> 0 | D26: =SUM(D6:D25) -> 42 | E26: =SUM(E6:E25) -> 42 | F26: =SUM(F6:F25) -> 0 | G26: =IF($C26=0,"",$D26/$C26) | H26: =IF($G26="","",REPT("█",ROUND(MIN($G26,1)*20,0)))
B28: Keterangan warna:
B29: Hijau : capaian sudah 100% atau lebih
B30: Kuning : capaian 50% – 99%
B31: Merah : capaian di bawah 50%
B33: Angka TARGET adalah asumsi yang diisi pengguna pada sheet PENGATURAN (kolom TARGET, sebaris dengan nama Kadus) — bukan hasil perhitungan.

Sheet VALIDASI
A1: VALIDASI • DATA YANG PERLU DIPERBAIKI
A2: ◀ MENU | C2: Perbaiki langsung pada sheet DATABASE; daftar di bawah menyusut otomatis.
B4: ▌ RINGKASAN MASALAH
B5: Total data terdata | E5: =COUNTA(DATABASE!$B$4:$B$2003) -> 52
B6: Total baris bermasalah | E6: =COUNT(DATABASE!$AA$4:$AA$2003) -> 52
B7: NIK kosong | E7: =COUNTIF(DATABASE!$Y$4:$Y$2003,"NIK kosong") -> 52
B8: NIK bukan 16 digit | E8: =COUNTIF(DATABASE!$Y$4:$Y$2003,"NIK bukan 16 digit") -> 0
B9: NIK ganda (dobel) | E9: =COUNTIF(DATABASE!$Y$4:$Y$2003,"NIK ganda") -> 0
B10: Kadus kosong | E10: =COUNTIF(DATABASE!$Y$4:$Y$2003,"Kadus kosong") -> 0
B11: RT kosong | E11: =COUNTIF(DATABASE!$Y$4:$Y$2003,"RT kosong") -> 0
B12: Jabatan kosong | E12: =COUNTIF(DATABASE!$Y$4:$Y$2003,"Jabatan kosong") -> 0
B13: No. HP kosong | E13: =COUNTIF(DATABASE!$Y$4:$Y$2003,"No. HP kosong") -> 0
B14: Alamat kosong | E14: =COUNTIF(DATABASE!$Y$4:$Y$2003,"Alamat kosong") -> 0
B15: Usia di bawah 17 tahun | E15: =COUNTIF(DATABASE!$Y$4:$Y$2003,"Usia di bawah 17") -> 0
B16: Tanpa tanggal lahir | E16: =COUNTA(DATABASE!$B$4:$B$2003)-COUNT(DATABASE!$R$4:$R$2003) -> 52
B17: Tanpa status keanggotaan | E17: =COUNTIFS(DATABASE!$B$4:$B$2003,"<>",DATABASE!$T$4:$T$2003,"") -> 0
B19: Satu baris hanya menampilkan satu masalah utama (urutan prioritas: NIK → Kadus → RT → Jabatan → HP → Alamat → usia). Setelah diperbaiki, masalah berikutnya pada baris yang sama akan muncul.
B20: ▌ DAFTAR BARIS YANG PERLU DIPERBAIKI
B21: NO | C21: NAMA LENGKAP | D21: NIK | E21: KAMPUNG | F21: RT | G21: MASALAH | H21: NO. HP
B22: 1 | C22: =IFERROR(INDEX(DATABASE!$B$4:$B$2003,MATCH($B22,DATABASE!$AA$4:$AA$2003,0))&"","") -> GURU BADRI | D22: =IFERROR(INDEX(DATABASE!$C$4:$C$2003,MATCH($B22,DATABASE!$AA$4:$AA$2003,0))&"","") | E22: =IFERROR(INDEX(DATABASE!$F$4:$F$2003,MATCH($B22,DATABASE!$AA$4:$AA$2003,0))&"","") -> Kp. Tenjolaut | F22: =IFERROR(INDEX(DATABASE!$G$4:$G$2003,MATCH($B22,DATABASE!$AA$4:$AA$2003,0))&"","") -> 001 | G22: =IFERROR(INDEX(DATABASE!$Y$4:$Y$2003,MATCH($B22,DATABASE!$AA$4:$AA$2003,0))&"","") -> NIK kosong | H22: =IFERROR(INDEX(DATABASE!$O$4:$O$2003,MATCH($B22,DATABASE!$AA$4:$AA$2003,0))&"","")
B23: 2 | C23: =IFERROR(INDEX(DATABASE!$B$4:$B$2003,MATCH($B23,DATABASE!$AA$4:$AA$2003,0))&"","") -> IDRUS KAMSENO | D23: =IFERROR(INDEX(DATABASE!$C$4:$C$2003,MATCH($B23,DATABASE!$AA$4:$AA$2003,0))&"","") | E23: =IFERROR(INDEX(DATABASE!$F$4:$F$2003,MATCH($B23,DATABASE!$AA$4:$AA$2003,0))&"","") -> Kp. Gamprit | F23: =IFERROR(INDEX(DATABASE!$G$4:$G$2003,MATCH($B23,DATABASE!$AA$4:$AA$2003,0))&"","") | G23: =IFERROR(INDEX(DATABASE!$Y$4:$Y$2003,MATCH($B23,DATABASE!$AA$4:$AA$2003,0))&"","") -> NIK kosong | H23: =IFERROR(INDEX(DATABASE!$O$4:$O$2003,MATCH($B23,DATABASE!$AA$4:$AA$2003,0))&"","")
B24: 3 | C24: =IFERROR(INDEX(DATABASE!$B$4:$B$2003,MATCH($B24,DATABASE!$AA$4:$AA$2003,0))&"","") -> ALI IBRO MALISI | D24: =IFERROR(INDEX(DATABASE!$C$4:$C$2003,MATCH($B24,DATABASE!$AA$4:$AA$2003,0))&"","") | E24: =IFERROR(INDEX(DATABASE!$F$4:$F$2003,MATCH($B24,DATABASE!$AA$4:$AA$2003,0))&"","") -> Kp. Tenjolaut | F24: =IFERROR(INDEX(DATABASE!$G$4:$G$2003,MATCH($B24,DATABASE!$AA$4:$AA$2003,0))&"","") | G24: =IFERROR(INDEX(DATABASE!$Y$4:$Y$2003,MATCH($B24,DATABASE!$AA$4:$AA$2003,0))&"","") -> NIK kosong | H24: =IFERROR(INDEX(DATABASE!$O$4:$O$2003,MATCH($B24,DATABASE!$AA$4:$AA$2003,0))&"","")
B25: 4 | C25: =IFERROR(INDEX(DATABASE!$B$4:$B$2003,MATCH($B25,DATABASE!$AA$4:$AA$2003,0))&"","") -> MURDIN (BENGKUNG) | D25: =IFERROR(INDEX(DATABASE!$C$4:$C$2003,MATCH($B25,DATABASE!$AA$4:$AA$2003,0))&"","") | E25: =IFERROR(INDEX(DATABASE!$F$4:$F$2003,MATCH($B25,DATABASE!$AA$4:$AA$2003,0))&"","") -> Kp. Gamprit | F25: =IFERROR(INDEX(DATABASE!$G$4:$G$2003,MATCH($B25,DATABASE!$AA$4:$AA$2003,0))&"","") | G25: =IFERROR(INDEX(DATABASE!$Y$4:$Y$2003,MATCH($B25,DATABASE!$AA$4:$AA$2003,0))&"","") -> NIK kosong | H25: =IFERROR(INDEX(DATABASE!$O$4:$O$2003,MATCH($B25,DATABASE!$AA$4:$AA$2003,0))&"","")
B26: 5 | C26: =IFERROR(INDEX(DATABASE!$B$4:$B$2003,MATCH($B26,DATABASE!$AA$4:$AA$2003,0))&"","") -> RUSTADI | D26: =IFERROR(INDEX(DATABASE!$C$4:$C$2003,MATCH($B26,DATABASE!$AA$4:$AA$2003,0))&"","") | E26: =IFERROR(INDEX(DATABASE!$F$4:$F$2003,MATCH($B26,DATABASE!$AA$4:$AA$2003,0))&"","") -> Kp. Wangkal | F26: =IFERROR(INDEX(DATABASE!$G$4:$G$2003,MATCH($B26,DATABASE!$AA$4:$AA$2003,0))&"","") | G26: =IFERROR(INDEX(DATABASE!$Y$4:$Y$2003,MATCH($B26,DATABASE!$AA$4:$AA$2003,0))&"","") -> NIK kosong | H26: =IFERROR(INDEX(DATABASE!$O$4:$O$2003,MATCH($B26,DATABASE!$AA$4:$AA$2003,0))&"","")
B27: 6 | C27: =IFERROR(INDEX(DATABASE!$B$4:$B$2003,MATCH($B27,DATABASE!$AA$4:$AA$2003,0))&"","") -> ABDUL MANAN | D27: =IFERROR(INDEX(DATABASE!$C$4:$C$2003,MATCH($B27,DATABASE!$AA$4:$AA$2003,0))&"","") | E27: =IFERROR(INDEX(DATABASE!$F$4:$F$2003,MATCH($B27,DATABASE!$AA$4:$AA$2003,0))&"","") -> Kp. Kuda Kuda | F27: =IFERROR(INDEX(DATABASE!$G$4:$G$2003,MATCH($B27,DATABASE!$AA$4:$AA$2003,0))&"","") | G27: =IFERROR(INDEX(DATABASE!$Y$4:$Y$2003,MATCH($B27,DATABASE!$AA$4:$AA$2003,0))&"","") -> NIK kosong | H27: =IFERROR(INDEX(DATABASE!$O$4:$O$2003,MATCH($B27,DATABASE!$AA$4:$AA$2003,0))&"","")
B28: 7 | C28: =IFERROR(INDEX(DATABASE!$B$4:$B$2003,MATCH($B28,DATABASE!$AA$4:$AA$2003,0))&"","") -> IJAH | D28: =IFERROR(INDEX(DATABASE!$C$4:$C$2003,MATCH($B28,DATABASE!$AA$4:$AA$2003,0))&"","") | E28: =IFERROR(INDEX(DATABASE!$F$4:$F$2003,MATCH($B28,DATABASE!$AA$4:$AA$2003,0))&"","") -> Kp. Putri Melintang | F28: =IFERROR(INDEX(DATABASE!$G$4:$G$2003,MATCH($B28,DATABASE!$AA$4:$AA$2003,0))&"","") | G28: =IFERROR(INDEX(DATABASE!$Y$4:$Y$2003,MATCH($B28,DATABASE!$AA$4:$AA$2003,0))&"","") -> NIK kosong | H28: =IFERROR(INDEX(DATABASE!$O$4:$O$2003,MATCH($B28,DATABASE!$AA$4:$AA$2003,0))&"","")
B29: 8 | C29: =IFERROR(INDEX(DATABASE!$B$4:$B$2003,MATCH($B29,DATABASE!$AA$4:$AA$2003,0))&"","") -> JEBAG | D29: =IFERROR(INDEX(DATABASE!$C$4:$C$2003,MATCH($B29,DATABASE!$AA$4:$AA$2003,0))&"","") | E29: =IFERROR(INDEX(DATABASE!$F$4:$F$2003,MATCH($B29,DATABASE!$AA$4:$AA$2003,0))&"","") -> Kp. Kuda Kuda | F29: =IFERROR(INDEX(DATABASE!$G$4:$G$2003,MATCH($B29,DATABASE!$AA$4:$AA$2003,0))&"","") -> 001 | G29: =IFERROR(INDEX(DATABASE!$Y$4:$Y$2003,MATCH($B29,DATABASE!$AA$4:$AA$2003,0))&"","") -> NIK kosong | H29: =IFERROR(INDEX(DATABASE!$O$4:$O$2003,MATCH($B29,DATABASE!$AA$4:$AA$2003,0))&"","")
B30: 9 | C30: =IFERROR(INDEX(DATABASE!$B$4:$B$2003,MATCH($B30,DATABASE!$AA$4:$AA$2003,0))&"","") -> DONY | D30: =IFERROR(INDEX(DATABASE!$C$4:$C$2003,MATCH($B30,DATABASE!$AA$4:$AA$2003,0))&"","") | E30: =IFERROR(INDEX(DATABASE!$F$4:$F$2003,MATCH($B30,DATABASE!$AA$4:$AA$2003,0))&"","") -> Kp. Gamprit | F30: =IFERROR(INDEX(DATABASE!$G$4:$G$2003,MATCH($B30,DATABASE!$AA$4:$AA$2003,0))&"","") | G30: =IFERROR(INDEX(DATABASE!$Y$4:$Y$2003,MATCH($B30,DATABASE!$AA$4:$AA$2003,0))&"","") -> NIK kosong | H30: =IFERROR(INDEX(DATABASE!$O$4:$O$2003,MATCH($B30,DATABASE!$AA$4:$AA$2003,0))&"","")
B31: 10 | C31: =IFERROR(INDEX(DATABASE!$B$4:$B$2003,MATCH($B31,DATABASE!$AA$4:$AA$2003,0))&"","") -> WAWAN | D31: =IFERROR(INDEX(DATABASE!$C$4:$C$2003,MATCH($B31,DATABASE!$AA$4:$AA$2003,0))&"","") | E31: =IFERROR(INDEX(DATABASE!$F$4:$F$2003,MATCH($B31,DATABASE!$AA$4:$AA$2003,0))&"","") -> Kp. Kuda Kuda | F31: =IFERROR(INDEX(DATABASE!$G$4:$G$2003,MATCH($B31,DATABASE!$AA$4:$AA$2003,0))&"","") -> 001 | G31: =IFERROR(INDEX(DATABASE!$Y$4:$Y$2003,MATCH($B31,DATABASE!$AA$4:$AA$2003,0))&"","") -> NIK kosong | H31: =IFERROR(INDEX(DATABASE!$O$4:$O$2003,MATCH($B31,DATABASE!$AA$4:$AA$2003,0))&"","")
